"../../../Engine/Plugins/Animation/ACLPlugin/Content/ACLAnimCurveCompressionSettings.uasset" 0
"../../../Engine/Plugins/Animation/ACLPlugin/Content/ACLAnimCurveCompressionSettings.uexp" 1
"../../../Engine/Plugins/Animation/ACLPlugin/Content/ACLAnimBoneCompressionSettings.uasset" 2
"../../../Engine/Plugins/Animation/ACLPlugin/Content/ACLAnimBoneCompressionSettings.uexp" 3
"../../../Engine/Plugins/2D/Paper2D/Content/PlaceholderTextures/DummySpriteTexture.ubulk" 4
"../../../Engine/Plugins/2D/Paper2D/Content/PlaceholderTextures/DummySpriteTexture.uasset" 5
"../../../Engine/Plugins/2D/Paper2D/Content/PlaceholderTextures/DummySpriteTexture.uexp" 6
"../../../Engine/Plugins/2D/Paper2D/Content/DummySprite.uasset" 7
"../../../Engine/Plugins/2D/Paper2D/Content/DummySprite.uexp" 8
"../../../Engine/Plugins/2D/Paper2D/Content/DefaultPaperTerrainMaterial.uasset" 9
"../../../Engine/Plugins/2D/Paper2D/Content/DefaultPaperTerrainMaterial.uexp" 10
"../../../Engine/Plugins/Interchange/Runtime/Content/Pipelines/DefaultTexturePipeline.uasset" 11
"../../../Engine/Plugins/Interchange/Runtime/Content/Pipelines/DefaultTexturePipeline.uexp" 12
"../../../Engine/Plugins/Interchange/Runtime/Content/Pipelines/DefaultSceneLevelPipeline.uasset" 13
"../../../Engine/Plugins/Interchange/Runtime/Content/Pipelines/DefaultSceneLevelPipeline.uexp" 14
"../../../Engine/Plugins/Interchange/Runtime/Content/Pipelines/DefaultSceneAssetsPipeline.uasset" 15
"../../../Engine/Plugins/Interchange/Runtime/Content/Pipelines/DefaultSceneAssetsPipeline.uexp" 16
"../../../Engine/Plugins/Interchange/Runtime/Content/Pipelines/DefaultMaterialXPipeline.uasset" 17
"../../../Engine/Plugins/Interchange/Runtime/Content/Pipelines/DefaultMaterialXPipeline.uexp" 18
"../../../Engine/Plugins/Interchange/Runtime/Content/Pipelines/DefaultMaterialPipeline.uasset" 19
"../../../Engine/Plugins/Interchange/Runtime/Content/Pipelines/DefaultMaterialPipeline.uexp" 20
"../../../Engine/Plugins/Interchange/Runtime/Content/Pipelines/DefaultGLTFSceneAssetsPipeline.uasset" 21
"../../../Engine/Plugins/Interchange/Runtime/Content/Pipelines/DefaultGLTFSceneAssetsPipeline.uexp" 22
"../../../Engine/Plugins/Interchange/Runtime/Content/Pipelines/DefaultGLTFPipeline.uasset" 23
"../../../Engine/Plugins/Interchange/Runtime/Content/Pipelines/DefaultGLTFPipeline.uexp" 24
"../../../Engine/Plugins/Interchange/Runtime/Content/Pipelines/DefaultGLTFAssetsPipeline.uasset" 25
"../../../Engine/Plugins/Interchange/Runtime/Content/Pipelines/DefaultGLTFAssetsPipeline.uexp" 26
"../../../Engine/Plugins/Interchange/Runtime/Content/Pipelines/DefaultAssetsPipeline.uasset" 27
"../../../Engine/Plugins/Interchange/Runtime/Content/Pipelines/DefaultAssetsPipeline.uexp" 28
"../../../Engine/Plugins/Animation/ControlRig/Content/Controls/DefaultGizmoLibraryNormalized.uasset" 29
"../../../Engine/Plugins/Animation/ControlRig/Content/Controls/DefaultGizmoLibraryNormalized.uexp" 30
"../../../Engine/Content/EngineSounds/Master.uasset" 31
"../../../Engine/Content/EngineSounds/Master.uexp" 32
"../../../Engine/Content/EngineMaterials/DefaultPhysicalMaterial.uasset" 33
"../../../Engine/Content/EngineMaterials/DefaultPhysicalMaterial.uexp" 34
"../../../Engine/Content/EngineMaterials/DefaultDestructiblePhysicalMaterial.uasset" 35
"../../../Engine/Content/EngineMaterials/DefaultDestructiblePhysicalMaterial.uexp" 36
"../../../Engine/Content/EngineFonts/Faces/RobotoLight.uexp" 37
"../../../Engine/Content/EngineFonts/Faces/RobotoLight.uasset" 38
"../../../Engine/Content/EngineFonts/Faces/RobotoLight.ufont" 39
"../../../Engine/Content/EngineFonts/Faces/RobotoBold.uexp" 40
"../../../Engine/Content/EngineFonts/Faces/RobotoBold.uasset" 41
"../../../Engine/Content/EngineFonts/Faces/RobotoBold.ufont" 42
"../../../Engine/Content/EngineFonts/Faces/RobotoRegular.uexp" 43
"../../../Engine/Content/EngineFonts/Faces/RobotoRegular.uasset" 44
"../../../Engine/Content/EngineFonts/Faces/RobotoRegular.ufont" 45
"../../../Engine/Content/EngineFonts/Faces/DroidSansFallback.uexp" 46
"../../../Engine/Content/EngineFonts/Faces/DroidSansFallback.uasset" 47
"../../../Engine/Content/EngineFonts/Faces/DroidSansFallback.ufont" 48
"../../../Engine/Content/EngineFonts/Faces/RobotoItalic.uexp" 49
"../../../Engine/Content/EngineFonts/Faces/RobotoItalic.uasset" 50
"../../../Engine/Content/EngineFonts/Faces/RobotoItalic.ufont" 51
"../../../Engine/Content/EngineFonts/Faces/RobotoBoldItalic.uexp" 52
"../../../Engine/Content/EngineFonts/Faces/RobotoBoldItalic.uasset" 53
"../../../Engine/Content/EngineFonts/Faces/RobotoBoldItalic.ufont" 54
"../../../Engine/Content/EngineFonts/Roboto.uasset" 55
"../../../Engine/Content/EngineFonts/Roboto.uexp" 56
"../../../Engine/Content/EngineFonts/Faces/DroidSansMono.uexp" 57
"../../../Engine/Content/EngineFonts/Faces/DroidSansMono.uasset" 58
"../../../Engine/Content/EngineFonts/Faces/DroidSansMono.ufont" 59
"../../../Engine/Content/EngineFonts/DroidSansMono.uasset" 60
"../../../Engine/Content/EngineFonts/DroidSansMono.uexp" 61
"../../../Engine/Content/Animation/DefaultVariableFrameStrippingSettings.uasset" 62
"../../../Engine/Content/Animation/DefaultVariableFrameStrippingSettings.uexp" 63
"../../../Engine/Content/Animation/DefaultRecorderBoneCompression.uasset" 64
"../../../Engine/Content/Animation/DefaultRecorderBoneCompression.uexp" 65
"../../../Engine/Content/MobileResources/HUD/VirtualJoystick_Background.uasset" 66
"../../../Engine/Content/MobileResources/HUD/VirtualJoystick_Background.uexp" 67
"../../../Engine/Content/MobileResources/HUD/VirtualJoystick_Thumb.uasset" 68
"../../../Engine/Content/MobileResources/HUD/VirtualJoystick_Thumb.uexp" 69
"../../../Engine/Content/MobileResources/HUD/DefaultVirtualJoysticks.uasset" 70
"../../../Engine/Content/MobileResources/HUD/DefaultVirtualJoysticks.uexp" 71
"../../../Engine/Content/EditorResources/S_Actor.ubulk" 72
"../../../Engine/Content/EditorResources/S_Actor.uasset" 73
"../../../Engine/Content/EditorResources/S_Actor.uexp" 74
"../../../Engine/Plugins/Runtime/AudioWidgets/Content/Resources/ScrubHandleDown_Clamped.uasset" 75
"../../../Engine/Plugins/Runtime/AudioWidgets/Content/Resources/ScrubHandleDown_Clamped.uexp" 76
"../../../Engine/Content/EngineResources/GradientTexture0.uasset" 77
"../../../Engine/Content/EngineResources/GradientTexture0.uexp" 78
"../../../Engine/Content/EngineResources/DefaultTexture.ubulk" 79
"../../../Engine/Content/EngineResources/DefaultTexture.uasset" 80
"../../../Engine/Content/EngineResources/DefaultTexture.uexp" 81
"../../../Engine/Content/EngineResources/Black.uasset" 82
"../../../Engine/Content/EngineResources/Black.uexp" 83
"../../../Engine/Content/EngineMaterials/PreintegratedSkinBRDF.uasset" 84
"../../../Engine/Content/EngineMaterials/PreintegratedSkinBRDF.uexp" 85
"../../../Engine/Content/EngineMaterials/MiniFont.uasset" 86
"../../../Engine/Content/EngineMaterials/MiniFont.uexp" 87
"../../../Engine/Content/EngineMaterials/FastBlueNoise_vec2_128x128x64.uasset" 88
"../../../Engine/Content/EngineMaterials/FastBlueNoise_vec2_128x128x64.uexp" 89
"../../../Engine/Content/EngineMaterials/FastBlueNoise_scalar_128x128x64.uasset" 90
"../../../Engine/Content/EngineMaterials/FastBlueNoise_scalar_128x128x64.uexp" 91
"../../../Engine/Content/EngineMaterials/DefaultWhiteGrid.ubulk" 92
"../../../Engine/Content/EngineMaterials/DefaultWhiteGrid.uasset" 93
"../../../Engine/Content/EngineMaterials/DefaultWhiteGrid.uexp" 94
"../../../Engine/Content/EngineMaterials/DefaultBokeh.uasset" 95
"../../../Engine/Content/EngineMaterials/DefaultBokeh.uexp" 96
"../../../Engine/Content/EngineMaterials/DefaultBloomKernel.uasset" 97
"../../../Engine/Content/EngineMaterials/DefaultBloomKernel.uexp" 98
"../../../Engine/Content/EngineDamageTypes/DmgTypeBP_Environmental.uasset" 99
"../../../Engine/Content/EngineDamageTypes/DmgTypeBP_Environmental.uexp" 100
"../../../Engine/Content/EditorResources/S_TriggerSphere.uasset" 101
"../../../Engine/Content/EditorResources/S_TriggerSphere.uexp" 102
"../../../Engine/Content/EditorResources/S_TriggerCapsule.uasset" 103
"../../../Engine/Content/EditorResources/S_TriggerCapsule.uexp" 104
"../../../Engine/Content/EditorResources/S_TriggerBox.uasset" 105
"../../../Engine/Content/EditorResources/S_TriggerBox.uexp" 106
"../../../Engine/Content/EditorResources/S_Trigger.ubulk" 107
"../../../Engine/Content/EditorResources/S_Trigger.uasset" 108
"../../../Engine/Content/EditorResources/S_Trigger.uexp" 109
"../../../Engine/Content/EditorResources/S_Terrain.ubulk" 110
"../../../Engine/Content/EditorResources/S_Terrain.uasset" 111
"../../../Engine/Content/EditorResources/S_Terrain.uexp" 112
"../../../Engine/Content/EditorResources/S_Solver.ubulk" 113
"../../../Engine/Content/EditorResources/S_Solver.uasset" 114
"../../../Engine/Content/EditorResources/S_Solver.uexp" 115
"../../../Engine/Content/EditorResources/S_BoxReflectionCapture.uasset" 116
"../../../Engine/Content/EditorResources/S_BoxReflectionCapture.uexp" 117
"../../../Engine/Content/EditorResources/EmptyActor.uasset" 118
"../../../Engine/Content/EditorResources/EmptyActor.uexp" 119
"../../../Engine/Content/EditorResources/BSPVertex.uasset" 120
"../../../Engine/Content/EditorResources/BSPVertex.uexp" 121
"../../../Engine/Content/EditorLandscapeResources/DefaultAlphaTexture.uasset" 122
"../../../Engine/Content/EditorLandscapeResources/DefaultAlphaTexture.uexp" 123
"C:/rdSemesterProjects/Dream/Dream/Content/Input/IA_Look.uasset" 124
"C:/rdSemesterProjects/Dream/Dream/Content/Input/IA_Look.uexp" 125
"C:/rdSemesterProjects/Dream/Dream/Content/Input/IA_Interact.uasset" 126
"C:/rdSemesterProjects/Dream/Dream/Content/Input/IA_Interact.uexp" 127
"C:/rdSemesterProjects/Dream/Dream/Content/Input/IA_Move.uasset" 128
"C:/rdSemesterProjects/Dream/Dream/Content/Input/IA_Move.uexp" 129
"C:/rdSemesterProjects/Dream/Dream/Content/Input/IA_Sprint.uasset" 130
"C:/rdSemesterProjects/Dream/Dream/Content/Input/IA_Sprint.uexp" 131
"C:/rdSemesterProjects/Dream/Dream/Content/Input/IMC_Default.uasset" 132
"C:/rdSemesterProjects/Dream/Dream/Content/Input/IMC_Default.uexp" 133
"C:/rdSemesterProjects/Dream/Dream/Content/KayKit/M_Base.uasset" 134
"C:/rdSemesterProjects/Dream/Dream/Content/KayKit/M_Base.uexp" 135
"C:/rdSemesterProjects/Dream/Dream/Content/KayKit/Characters/MaterialInstances/MI_Blue.uasset" 136
"C:/rdSemesterProjects/Dream/Dream/Content/KayKit/Characters/MaterialInstances/MI_Blue.uexp" 137
"C:/rdSemesterProjects/Dream/Dream/Content/KayKit/SkeletonElements/MaterialInstances/MI_ForestGreen.uasset" 138
"C:/rdSemesterProjects/Dream/Dream/Content/KayKit/SkeletonElements/MaterialInstances/MI_ForestGreen.uexp" 139
"C:/rdSemesterProjects/Dream/Dream/Content/KayKit/Characters/MaterialInstances/MI_Red.uasset" 140
"C:/rdSemesterProjects/Dream/Dream/Content/KayKit/Characters/MaterialInstances/MI_Red.uexp" 141
"C:/rdSemesterProjects/Dream/Dream/Content/KayKit/Characters/MaterialInstances/MI_Skin_Beige.uasset" 142
"C:/rdSemesterProjects/Dream/Dream/Content/KayKit/Characters/MaterialInstances/MI_Skin_Beige.uexp" 143
"C:/rdSemesterProjects/Dream/Dream/Content/Blueprints/DT_CharacterSkins.uasset" 144
"C:/rdSemesterProjects/Dream/Dream/Content/Blueprints/DT_CharacterSkins.uexp" 145
"C:/rdSemesterProjects/Dream/Dream/Content/KayKit/Characters/rogue_Skeleton.uasset" 146
"C:/rdSemesterProjects/Dream/Dream/Content/KayKit/Characters/rogue_Skeleton.uexp" 147
"../../../Engine/Content/Animation/DefaultAnimCurveCompressionSettings.uasset" 148
"../../../Engine/Content/Animation/DefaultAnimCurveCompressionSettings.uexp" 149
"../../../Engine/Content/Animation/DefaultAnimBoneCompressionSettings.uasset" 150
"../../../Engine/Content/Animation/DefaultAnimBoneCompressionSettings.uexp" 151
"C:/rdSemesterProjects/Dream/Dream/Content/KayKit/Characters/RogueAnimation/rogue_Idle.uasset" 152
"C:/rdSemesterProjects/Dream/Dream/Content/KayKit/Characters/RogueAnimation/rogue_Idle.uexp" 153
"C:/rdSemesterProjects/Dream/Dream/Content/KayKit/Characters/RogueAnimation/rogue_Walk.uasset" 154
"C:/rdSemesterProjects/Dream/Dream/Content/KayKit/Characters/RogueAnimation/rogue_Walk.uexp" 155
"C:/rdSemesterProjects/Dream/Dream/Content/KayKit/Characters/RogueAnimation/rogue_Run.uasset" 156
"C:/rdSemesterProjects/Dream/Dream/Content/KayKit/Characters/RogueAnimation/rogue_Run.uexp" 157
"C:/rdSemesterProjects/Dream/Dream/Content/Animations/BS_WalkRun.uasset" 158
"C:/rdSemesterProjects/Dream/Dream/Content/Animations/BS_WalkRun.uexp" 159
"C:/rdSemesterProjects/Dream/Dream/Content/Animations/AB_Character.uasset" 160
"C:/rdSemesterProjects/Dream/Dream/Content/Animations/AB_Character.uexp" 161
"C:/rdSemesterProjects/Dream/Dream/Content/D_CharacterStats.uasset" 162
"C:/rdSemesterProjects/Dream/Dream/Content/D_CharacterStats.uexp" 163
"C:/rdSemesterProjects/Dream/Dream/Content/Blueprints/WB_HUD.uasset" 164
"C:/rdSemesterProjects/Dream/Dream/Content/Blueprints/WB_HUD.uexp" 165
"C:/rdSemesterProjects/Dream/Dream/Content/KayKit/Characters/RogueAnimation/rogue_Throw.uasset" 166
"C:/rdSemesterProjects/Dream/Dream/Content/KayKit/Characters/RogueAnimation/rogue_Throw.uexp" 167
"C:/rdSemesterProjects/Dream/Dream/Content/Animations/AM_Throw.uasset" 168
"C:/rdSemesterProjects/Dream/Dream/Content/Animations/AM_Throw.uexp" 169
"C:/rdSemesterProjects/Dream/Dream/Content/Input/IA_Throw.uasset" 170
"C:/rdSemesterProjects/Dream/Dream/Content/Input/IA_Throw.uexp" 171
"C:/rdSemesterProjects/Dream/Dream/Content/Input/IMC_Weapons.uasset" 172
"C:/rdSemesterProjects/Dream/Dream/Content/Input/IMC_Weapons.uexp" 173
"C:/rdSemesterProjects/Dream/Dream/Content/Blueprints/BP_Character.uasset" 174
"C:/rdSemesterProjects/Dream/Dream/Content/Blueprints/BP_Character.uexp" 175
"../../../Engine/Content/EngineResources/FilmGrains/Marcie_Grain_v3_128_M2_000.uasset" 176
"../../../Engine/Content/EngineResources/FilmGrains/Marcie_Grain_v3_128_M2_000.uexp" 177
"../../../Engine/Content/EngineMaterials/LTC/Sheen_LTC.uasset" 178
"../../../Engine/Content/EngineMaterials/LTC/Sheen_LTC.uexp" 179
"../../../Engine/Content/EngineMaterials/LTC/GGX_LTCMat.uasset" 180
"../../../Engine/Content/EngineMaterials/LTC/GGX_LTCMat.uexp" 181
"../../../Engine/Content/EngineMaterials/LTC/GGX_LTCAmp.uasset" 182
"../../../Engine/Content/EngineMaterials/LTC/GGX_LTCAmp.uexp" 183
"../../../Engine/Content/EngineMaterials/EnergyConservation/Sheen_Energy.uasset" 184
"../../../Engine/Content/EngineMaterials/EnergyConservation/Sheen_Energy.uexp" 185
"../../../Engine/Content/EngineMaterials/EnergyConservation/SheenLegacy_Energy.uasset" 186
"../../../Engine/Content/EngineMaterials/EnergyConservation/SheenLegacy_Energy.uexp" 187
"../../../Engine/Content/EngineMaterials/EnergyConservation/GGX_TransmissionEnergyArray.uasset" 188
"../../../Engine/Content/EngineMaterials/EnergyConservation/GGX_TransmissionEnergyArray.uexp" 189
"../../../Engine/Content/EngineMaterials/EnergyConservation/GGX_ReflectionEnergy.uasset" 190
"../../../Engine/Content/EngineMaterials/EnergyConservation/GGX_ReflectionEnergy.uexp" 191
"../../../Engine/Content/EngineMaterials/EnergyConservation/Diffuse_Energy.uasset" 192
"../../../Engine/Content/EngineMaterials/EnergyConservation/Diffuse_Energy.uexp" 193
"../../../Engine/Content/EditorResources/SequenceRecorder/RecordingIndicator.uasset" 194
"../../../Engine/Content/EditorResources/SequenceRecorder/RecordingIndicator.uexp" 195
"../../../Engine/Content/EditorResources/SequenceRecorder/Countdown.uasset" 196
"../../../Engine/Content/EditorResources/SequenceRecorder/Countdown.uexp" 197
"../../../Engine/Content/EditorMaterials/ParticleSystems/PSysThumbnail_OOD.ubulk" 198
"../../../Engine/Content/EditorMaterials/ParticleSystems/PSysThumbnail_OOD.uasset" 199
"../../../Engine/Content/EditorMaterials/ParticleSystems/PSysThumbnail_OOD.uexp" 200
"../../../Engine/Content/EditorMaterials/ParticleSystems/PSysThumbnail_NoImage.ubulk" 201
"../../../Engine/Content/EditorMaterials/ParticleSystems/PSysThumbnail_NoImage.uasset" 202
"../../../Engine/Content/EditorMaterials/ParticleSystems/PSysThumbnail_NoImage.uexp" 203
"../../../Engine/Content/EngineResources/DefaultTextureCube.uasset" 204
"../../../Engine/Content/EngineResources/DefaultTextureCube.uexp" 205
"../../../Engine/Content/EngineResources/DefaultVolumeTexture2D.uasset" 206
"../../../Engine/Content/EngineResources/DefaultVolumeTexture2D.uexp" 207
"../../../Engine/Content/EngineResources/DefaultVolumeTexture.uasset" 208
"../../../Engine/Content/EngineResources/DefaultVolumeTexture.uexp" 209
"../../../Engine/Content/EngineMeshes/Sphere.ubulk" 210
"../../../Engine/Content/EngineMeshes/Sphere.uasset" 211
"../../../Engine/Content/EngineMeshes/Sphere.uexp" 212
"../../../Engine/Plugins/NNE/NNEDenoiser/Content/NNEDTOM_Output_Default.uasset" 213
"../../../Engine/Plugins/NNE/NNEDenoiser/Content/NNEDTOM_Output_Default.uexp" 214
"../../../Engine/Plugins/NNE/NNEDenoiser/Content/NNEDTOM_Output_Alpha.uasset" 215
"../../../Engine/Plugins/NNE/NNEDenoiser/Content/NNEDTOM_Output_Alpha.uexp" 216
"../../../Engine/Plugins/NNE/NNEDenoiser/Content/NNEDTIM_ColorAlbedoNormal_Default.uasset" 217
"../../../Engine/Plugins/NNE/NNEDenoiser/Content/NNEDTIM_ColorAlbedoNormal_Default.uexp" 218
"../../../Engine/Plugins/NNE/NNEDenoiser/Content/NNEDTIM_ColorAlbedoNormal_Alpha.uasset" 219
"../../../Engine/Plugins/NNE/NNEDenoiser/Content/NNEDTIM_ColorAlbedoNormal_Alpha.uexp" 220
"../../../Engine/Plugins/NNE/NNEDenoiser/Content/NNEDOM_Output_Default.uasset" 221
"../../../Engine/Plugins/NNE/NNEDenoiser/Content/NNEDOM_Output_Default.uexp" 222
"../../../Engine/Plugins/NNE/NNEDenoiser/Content/NNEDOM_Output_Alpha.uasset" 223
"../../../Engine/Plugins/NNE/NNEDenoiser/Content/NNEDOM_Output_Alpha.uexp" 224
"../../../Engine/Plugins/NNE/NNEDenoiser/Content/NNEDIM_HighQuality_Default.uasset" 225
"../../../Engine/Plugins/NNE/NNEDenoiser/Content/NNEDIM_HighQuality_Default.uexp" 226
"../../../Engine/Plugins/NNE/NNEDenoiser/Content/NNEDIM_HighQuality_Alpha.uasset" 227
"../../../Engine/Plugins/NNE/NNEDenoiser/Content/NNEDIM_HighQuality_Alpha.uexp" 228
"../../../Engine/Plugins/NNE/NNEDenoiser/Content/NNEDIM_ColorAlbedoNormal_Default.uasset" 229
"../../../Engine/Plugins/NNE/NNEDenoiser/Content/NNEDIM_ColorAlbedoNormal_Default.uexp" 230
"../../../Engine/Plugins/NNE/NNEDenoiser/Content/NNEDIM_ColorAlbedoNormal_Alpha.uasset" 231
"../../../Engine/Plugins/NNE/NNEDenoiser/Content/NNEDIM_ColorAlbedoNormal_Alpha.uexp" 232
"../../../Engine/Content/EngineMaterials/T_Default_Material_Grid_M.ubulk" 233
"../../../Engine/Content/EngineMaterials/T_Default_Material_Grid_M.uasset" 234
"../../../Engine/Content/EngineMaterials/T_Default_Material_Grid_M.uexp" 235
"../../../Engine/Content/EngineMaterials/T_Default_Material_Grid_N.ubulk" 236
"../../../Engine/Content/EngineMaterials/T_Default_Material_Grid_N.uasset" 237
"../../../Engine/Content/EngineMaterials/T_Default_Material_Grid_N.uexp" 238
"../../../Engine/Content/Functions/Engine_MaterialFunctions01/Opacity/CameraDepthFade.uasset" 239
"../../../Engine/Content/Functions/Engine_MaterialFunctions01/Opacity/CameraDepthFade.uexp" 240
"../../../Engine/Content/EngineMaterials/WorldGridMaterial.uasset" 241
"../../../Engine/Content/EngineMaterials/WorldGridMaterial.uexp" 242
"../../../Engine/Plugins/Media/MediaPlate/Content/SM_MediaPlateScreen.ubulk" 243
"../../../Engine/Plugins/Media/MediaPlate/Content/SM_MediaPlateScreen.uasset" 244
"../../../Engine/Plugins/Media/MediaPlate/Content/SM_MediaPlateScreen.uexp" 245
"../../../Engine/Content/Functions/Engine_MaterialFunctions02/WorldPositionOffset/CameraOffset.uasset" 246
"../../../Engine/Content/Functions/Engine_MaterialFunctions02/WorldPositionOffset/CameraOffset.uexp" 247
"../../../Engine/Plugins/Animation/ControlRig/Content/M_Manip.uasset" 248
"../../../Engine/Plugins/Animation/ControlRig/Content/M_Manip.uexp" 249
"../../../Engine/Plugins/2D/Paper2D/Content/DefaultSpriteMaterial.uasset" 250
"../../../Engine/Plugins/2D/Paper2D/Content/DefaultSpriteMaterial.uexp" 251
"../../../Engine/Plugins/2D/Paper2D/Content/OpaqueUnlitSpriteMaterial.uasset" 252
"../../../Engine/Plugins/2D/Paper2D/Content/OpaqueUnlitSpriteMaterial.uexp" 253
"../../../Engine/Plugins/2D/Paper2D/Content/MaskedUnlitSpriteMaterial.uasset" 254
"../../../Engine/Plugins/2D/Paper2D/Content/MaskedUnlitSpriteMaterial.uexp" 255
"../../../Engine/Plugins/Runtime/MeshModelingToolset/Content/Materials/M_DynamicMeshComponentVtxColor.uasset" 256
"../../../Engine/Plugins/Runtime/MeshModelingToolset/Content/Materials/M_DynamicMeshComponentVtxColor.uexp" 257
"../../../Engine/Plugins/Runtime/HairStrands/Content/Materials/HairMeshesDefaultMaterial.uasset" 258
"../../../Engine/Plugins/Runtime/HairStrands/Content/Materials/HairMeshesDefaultMaterial.uexp" 259
"../../../Engine/Plugins/Runtime/HairStrands/Content/Materials/HairDefaultMaterial.uasset" 260
"../../../Engine/Plugins/Runtime/HairStrands/Content/Materials/HairDefaultMaterial.uexp" 261
"../../../Engine/Plugins/Runtime/HairStrands/Content/Materials/HairGroupColors.uasset" 262
"../../../Engine/Plugins/Runtime/HairStrands/Content/Materials/HairGroupColors.uexp" 263
"../../../Engine/Content/Functions/Engine_MaterialFunctions02/Utility/MakeFloat2.uasset" 264
"../../../Engine/Content/Functions/Engine_MaterialFunctions02/Utility/MakeFloat2.uexp" 265
"../../../Engine/Content/Functions/Engine_MaterialFunctions02/Utility/MakeFloat3.uasset" 266
"../../../Engine/Content/Functions/Engine_MaterialFunctions02/Utility/MakeFloat3.uexp" 267
"../../../Engine/Content/EngineMaterials/HairColorMap.uasset" 268
"../../../Engine/Content/EngineMaterials/HairColorMap.uexp" 269
"../../../Engine/Content/EngineMaterials/HairDebugColor.uasset" 270
"../../../Engine/Content/EngineMaterials/HairDebugColor.uexp" 271
"../../../Engine/Plugins/Runtime/HairStrands/Content/Materials/HairDebugMaterial.uasset" 272
"../../../Engine/Plugins/Runtime/HairStrands/Content/Materials/HairDebugMaterial.uexp" 273
"../../../Engine/Plugins/Runtime/HairStrands/Content/Materials/HairCardsDefaultMaterial.uasset" 274
"../../../Engine/Plugins/Runtime/HairStrands/Content/Materials/HairCardsDefaultMaterial.uexp" 275
"../../../Engine/Content/Functions/Engine_MaterialFunctions02/Texturing/CustomRotator.uasset" 276
"../../../Engine/Content/Functions/Engine_MaterialFunctions02/Texturing/CustomRotator.uexp" 277
"../../../Engine/Content/Functions/Engine_MaterialFunctions02/Utility/BreakOutFloat2Components.uasset" 278
"../../../Engine/Content/Functions/Engine_MaterialFunctions02/Utility/BreakOutFloat2Components.uexp" 279
"../../../Engine/Content/Functions/Engine_MaterialFunctions01/Texturing/ScaleUVsByCenter.uasset" 280
"../../../Engine/Content/Functions/Engine_MaterialFunctions01/Texturing/ScaleUVsByCenter.uexp" 281
"../../../Engine/Plugins/Runtime/AudioWidgets/Content/AudioMaterialSlate/Functions/MF_SingleLine_Smooth.uasset" 282
"../../../Engine/Plugins/Runtime/AudioWidgets/Content/AudioMaterialSlate/Functions/MF_SingleLine_Smooth.uexp" 283
"../../../Engine/Plugins/Runtime/AudioWidgets/Content/AudioMaterialSlate/Functions/MF_AngleGradient.uasset" 284
"../../../Engine/Plugins/Runtime/AudioWidgets/Content/AudioMaterialSlate/Functions/MF_AngleGradient.uexp" 285
"../../../Engine/Plugins/Runtime/AudioWidgets/Content/AudioMaterialSlate/Functions/MF_SingleLine.uasset" 286
"../../../Engine/Plugins/Runtime/AudioWidgets/Content/AudioMaterialSlate/Functions/MF_SingleLine.uexp" 287
"../../../Engine/Content/Functions/Engine_MaterialFunctions01/Gradient/SphereGradient-2D.uasset" 288
"../../../Engine/Content/Functions/Engine_MaterialFunctions01/Gradient/SphereGradient-2D.uexp" 289
"../../../Engine/Plugins/Runtime/AudioWidgets/Content/AudioMaterialSlate/M_AudioMaterialToggleButton.uasset" 290
"../../../Engine/Plugins/Runtime/AudioWidgets/Content/AudioMaterialSlate/M_AudioMaterialToggleButton.uexp" 291
"../../../Engine/Plugins/Runtime/AudioWidgets/Content/AudioMaterialSlate/MI_AudioMaterialToggleButton.uasset" 292
"../../../Engine/Plugins/Runtime/AudioWidgets/Content/AudioMaterialSlate/MI_AudioMaterialToggleButton.uexp" 293
"../../../Engine/Content/Functions/Engine_MaterialFunctions02/Utility/VectorLength.uasset" 294
"../../../Engine/Content/Functions/Engine_MaterialFunctions02/Utility/VectorLength.uexp" 295
"../../../Engine/Content/Functions/Engine_MaterialFunctions01/Gradient/GeneratedRoundRect.uasset" 296
"../../../Engine/Content/Functions/Engine_MaterialFunctions01/Gradient/GeneratedRoundRect.uexp" 297
"../../../Engine/Plugins/Runtime/AudioWidgets/Content/AudioMaterialSlate/M_AudioMaterialRoundedSlider.uasset" 298
"../../../Engine/Plugins/Runtime/AudioWidgets/Content/AudioMaterialSlate/M_AudioMaterialRoundedSlider.uexp" 299
"../../../Engine/Plugins/Runtime/AudioWidgets/Content/AudioMaterialSlate/MI_AudioMaterialRoundedSlider.uasset" 300
"../../../Engine/Plugins/Runtime/AudioWidgets/Content/AudioMaterialSlate/MI_AudioMaterialRoundedSlider.uexp" 301
"../../../Engine/Plugins/Runtime/AudioWidgets/Content/AudioMaterialSlate/Functions/MF_Lines.uasset" 302
"../../../Engine/Plugins/Runtime/AudioWidgets/Content/AudioMaterialSlate/Functions/MF_Lines.uexp" 303
"../../../Engine/Content/Functions/Engine_MaterialFunctions02/Lerp_3Color.uasset" 304
"../../../Engine/Content/Functions/Engine_MaterialFunctions02/Lerp_3Color.uexp" 305
"../../../Engine/Plugins/Runtime/AudioWidgets/Content/AudioMaterialSlate/M_AudioMaterialMeter.uasset" 306
"../../../Engine/Plugins/Runtime/AudioWidgets/Content/AudioMaterialSlate/M_AudioMaterialMeter.uexp" 307
"../../../Engine/Plugins/Runtime/AudioWidgets/Content/AudioMaterialSlate/MI_AudioMaterialMeter.uasset" 308
"../../../Engine/Plugins/Runtime/AudioWidgets/Content/AudioMaterialSlate/MI_AudioMaterialMeter.uexp" 309
"../../../Engine/Plugins/Runtime/AudioWidgets/Content/AudioMaterialSlate/M_AudioMaterialKnob.uasset" 310
"../../../Engine/Plugins/Runtime/AudioWidgets/Content/AudioMaterialSlate/M_AudioMaterialKnob.uexp" 311
"../../../Engine/Plugins/Runtime/AudioWidgets/Content/AudioMaterialSlate/MI_AudioMaterialKnob.uasset" 312
"../../../Engine/Plugins/Runtime/AudioWidgets/Content/AudioMaterialSlate/MI_AudioMaterialKnob.uexp" 313
"../../../Engine/Plugins/Runtime/AudioWidgets/Content/AudioMaterialSlate/Functions/MF_DotOutlined.uasset" 314
"../../../Engine/Plugins/Runtime/AudioWidgets/Content/AudioMaterialSlate/Functions/MF_DotOutlined.uexp" 315
"../../../Engine/Plugins/Runtime/AudioWidgets/Content/AudioMaterialSlate/M_AudioMaterialEnvelope_ADSR.uasset" 316
"../../../Engine/Plugins/Runtime/AudioWidgets/Content/AudioMaterialSlate/M_AudioMaterialEnvelope_ADSR.uexp" 317
"../../../Engine/Plugins/Runtime/AudioWidgets/Content/AudioMaterialSlate/MI_AudioMaterialEnvelope_ADSR.uasset" 318
"../../../Engine/Plugins/Runtime/AudioWidgets/Content/AudioMaterialSlate/MI_AudioMaterialEnvelope_ADSR.uexp" 319
"../../../Engine/Plugins/Interchange/Assets/Content/Functions/MX_UsdPreviewSurface.uasset" 320
"../../../Engine/Plugins/Interchange/Assets/Content/Functions/MX_UsdPreviewSurface.uexp" 321
"../../../Engine/Plugins/Interchange/Assets/Content/Functions/MX_UniformEDF.uasset" 322
"../../../Engine/Plugins/Interchange/Assets/Content/Functions/MX_UniformEDF.uexp" 323
"../../../Engine/Plugins/Interchange/Assets/Content/Functions/MX_TranslucentBSDF.uasset" 324
"../../../Engine/Plugins/Interchange/Assets/Content/Functions/MX_TranslucentBSDF.uexp" 325
"../../../Engine/Plugins/Interchange/Assets/Content/Functions/MX_ThinFilmBSDF.uasset" 326
"../../../Engine/Plugins/Interchange/Assets/Content/Functions/MX_ThinFilmBSDF.uexp" 327
"../../../Engine/Plugins/Interchange/Assets/Content/Functions/MX_SurfaceUnlit.uasset" 328
"../../../Engine/Plugins/Interchange/Assets/Content/Functions/MX_SurfaceUnlit.uexp" 329
"../../../Engine/Plugins/Interchange/Assets/Content/Functions/MX_Surface.uasset" 330
"../../../Engine/Plugins/Interchange/Assets/Content/Functions/MX_Surface.uexp" 331
"../../../Engine/Plugins/Interchange/Assets/Content/Functions/MX_SubsurfaceBSDF.uasset" 332
"../../../Engine/Plugins/Interchange/Assets/Content/Functions/MX_SubsurfaceBSDF.uexp" 333
"../../../Engine/Plugins/Interchange/Assets/Content/Functions/MX_SheenBSDF.uasset" 334
"../../../Engine/Plugins/Interchange/Assets/Content/Functions/MX_SheenBSDF.uexp" 335
"../../../Engine/Plugins/Interchange/Assets/Content/Functions/MX_OrenNayarBSDF.uasset" 336
"../../../Engine/Plugins/Interchange/Assets/Content/Functions/MX_OrenNayarBSDF.uexp" 337
"../../../Engine/Plugins/Interchange/Assets/Content/Utilities/New_LUT.uasset" 338
"../../../Engine/Plugins/Interchange/Assets/Content/Utilities/New_LUT.uexp" 339
"../../../Engine/Content/Functions/Engine_MaterialFunctions03/Math/RemapValueRange.uasset" 340
"../../../Engine/Content/Functions/Engine_MaterialFunctions03/Math/RemapValueRange.uexp" 341
"../../../Engine/Plugins/Interchange/Assets/Content/Functions/MF_Iridescence.uasset" 342
"../../../Engine/Plugins/Interchange/Assets/Content/Functions/MF_Iridescence.uexp" 343
"../../../Engine/Plugins/Interchange/Assets/Content/Functions/MX_StandardSurface.uasset" 344
"../../../Engine/Plugins/Interchange/Assets/Content/Functions/MX_StandardSurface.uexp" 345
"../../../Engine/Plugins/Interchange/Assets/Content/Functions/MX_TransmissionSurface.uasset" 346
"../../../Engine/Plugins/Interchange/Assets/Content/Functions/MX_TransmissionSurface.uexp" 347
"../../../Engine/Plugins/Interchange/Assets/Content/Functions/MX_OpenPBR_Translucent.uasset" 348
"../../../Engine/Plugins/Interchange/Assets/Content/Functions/MX_OpenPBR_Translucent.uexp" 349
"../../../Engine/Plugins/Interchange/Assets/Content/Functions/MX_OpenPBR_Opaque.uasset" 350
"../../../Engine/Plugins/Interchange/Assets/Content/Functions/MX_OpenPBR_Opaque.uexp" 351
"../../../Engine/Plugins/Interchange/Assets/Content/Functions/MX_MeasuredEDF.uasset" 352
"../../../Engine/Plugins/Interchange/Assets/Content/Functions/MX_MeasuredEDF.uexp" 353
"../../../Engine/Plugins/Interchange/Assets/Content/Functions/MX_GeneralizedSchlickBSDF.uasset" 354
"../../../Engine/Plugins/Interchange/Assets/Content/Functions/MX_GeneralizedSchlickBSDF.uexp" 355
"../../../Engine/Plugins/Interchange/Assets/Content/Functions/MX_DielectricBSDF.uasset" 356
"../../../Engine/Plugins/Interchange/Assets/Content/Functions/MX_DielectricBSDF.uexp" 357
"../../../Engine/Plugins/Interchange/Assets/Content/Functions/MX_ConicalEDF.uasset" 358
"../../../Engine/Plugins/Interchange/Assets/Content/Functions/MX_ConicalEDF.uexp" 359
"../../../Engine/Plugins/Interchange/Assets/Content/Functions/MX_ConductorBSDF.uasset" 360
"../../../Engine/Plugins/Interchange/Assets/Content/Functions/MX_ConductorBSDF.uexp" 361
"../../../Engine/Plugins/Interchange/Assets/Content/Functions/MX_BurleyDiffuseBSDF.uasset" 362
"../../../Engine/Plugins/Interchange/Assets/Content/Functions/MX_BurleyDiffuseBSDF.uexp" 363
"../../../Engine/Plugins/Interchange/Assets/Content/Functions/MX_AnisotropicVDF.uasset" 364
"../../../Engine/Plugins/Interchange/Assets/Content/Functions/MX_AnisotropicVDF.uexp" 365
"../../../Engine/Plugins/Interchange/Assets/Content/Functions/MX_AbsorptionVDF.uasset" 366
"../../../Engine/Plugins/Interchange/Assets/Content/Functions/MX_AbsorptionVDF.uexp" 367
"../../../Engine/Plugins/Editor/SpeedTreeImporter/Content/SpeedTree9/game_wind_noise.ubulk" 368
"../../../Engine/Plugins/Editor/SpeedTreeImporter/Content/SpeedTree9/game_wind_noise.uasset" 369
"../../../Engine/Plugins/Editor/SpeedTreeImporter/Content/SpeedTree9/game_wind_noise.uexp" 370
"../../../Engine/Plugins/Editor/SpeedTreeImporter/Content/SpeedTree9/UnpackDirection.uasset" 371
"../../../Engine/Plugins/Editor/SpeedTreeImporter/Content/SpeedTree9/UnpackDirection.uexp" 372
"../../../Engine/Content/Functions/Engine_MaterialFunctions02/ObjectLocalBounds.uasset" 373
"../../../Engine/Content/Functions/Engine_MaterialFunctions02/ObjectLocalBounds.uexp" 374
"../../../Engine/Content/Functions/Engine_MaterialFunctions02/Utility/BreakOutFloat3Components.uasset" 375
"../../../Engine/Content/Functions/Engine_MaterialFunctions02/Utility/BreakOutFloat3Components.uexp" 376
"../../../Engine/Content/Functions/Engine_MaterialFunctions02/UVs/BoundingBoxBased_0-1_UVW.uasset" 377
"../../../Engine/Content/Functions/Engine_MaterialFunctions02/UVs/BoundingBoxBased_0-1_UVW.uexp" 378
"../../../Engine/Plugins/Editor/SpeedTreeImporter/Content/SpeedTree9/UnpackInteger3.uasset" 379
"../../../Engine/Plugins/Editor/SpeedTreeImporter/Content/SpeedTree9/UnpackInteger3.uexp" 380
"../../../Engine/Plugins/Editor/SpeedTreeImporter/Content/SpeedTree9/SpeedTreeCameraFacing.uasset" 381
"../../../Engine/Plugins/Editor/SpeedTreeImporter/Content/SpeedTree9/SpeedTreeCameraFacing.uexp" 382
"../../../Engine/Content/Functions/Engine_MaterialFunctions02/WorldPositionOffset/ObjectScale.uasset" 383
"../../../Engine/Content/Functions/Engine_MaterialFunctions02/WorldPositionOffset/ObjectScale.uexp" 384
"../../../Engine/Content/Functions/Engine_MaterialFunctions02/SafeNormalize.uasset" 385
"../../../Engine/Content/Functions/Engine_MaterialFunctions02/SafeNormalize.uexp" 386
"../../../Engine/Plugins/Editor/SpeedTreeImporter/Content/SpeedTree9/SpeedTreeWindMotion.uasset" 387
"../../../Engine/Plugins/Editor/SpeedTreeImporter/Content/SpeedTree9/SpeedTreeWindMotion.uexp" 388
"../../../Engine/Plugins/Editor/SpeedTreeImporter/Content/SpeedTree9/SpeedTreeBranchMotion.uasset" 389
"../../../Engine/Plugins/Editor/SpeedTreeImporter/Content/SpeedTree9/SpeedTreeBranchMotion.uexp" 390
"../../../Engine/Plugins/Editor/SpeedTreeImporter/Content/SpeedTree9/SpeedTreeWind.uasset" 391
"../../../Engine/Plugins/Editor/SpeedTreeImporter/Content/SpeedTree9/SpeedTreeWind.uexp" 392
"../../../Engine/Plugins/Editor/SpeedTreeImporter/Content/SpeedTree9/EmptyNormal.uasset" 393
"../../../Engine/Plugins/Editor/SpeedTreeImporter/Content/SpeedTree9/EmptyNormal.uexp" 394
"../../../Engine/Plugins/Editor/SpeedTreeImporter/Content/SpeedTree9/Empty.uasset" 395
"../../../Engine/Plugins/Editor/SpeedTreeImporter/Content/SpeedTree9/Empty.uexp" 396
"../../../Engine/Plugins/Editor/SpeedTreeImporter/Content/SpeedTree9/SpeedTreeMaster.uasset" 397
"../../../Engine/Plugins/Editor/SpeedTreeImporter/Content/SpeedTree9/SpeedTreeMaster.uexp" 398
"../../../Engine/Plugins/Editor/SpeedTreeImporter/Content/SpeedTree9/SpeedTreeBillboard.uasset" 399
"../../../Engine/Plugins/Editor/SpeedTreeImporter/Content/SpeedTree9/SpeedTreeBillboard.uexp" 400
"../../../Engine/Plugins/Editor/SpeedTreeImporter/Content/SpeedTree9/SpeedTreeBillboardMaster.uasset" 401
"../../../Engine/Plugins/Editor/SpeedTreeImporter/Content/SpeedTree9/SpeedTreeBillboardMaster.uexp" 402
"../../../Engine/Plugins/Animation/ControlRig/Content/Controls/ControlRig_Wedge_solid.ubulk" 403
"../../../Engine/Plugins/Animation/ControlRig/Content/Controls/ControlRig_Wedge_solid.uasset" 404
"../../../Engine/Plugins/Animation/ControlRig/Content/Controls/ControlRig_Wedge_solid.uexp" 405
"../../../Engine/Plugins/Animation/ControlRig/Content/Controls/ControlRig_Wedge_3mm.ubulk" 406
"../../../Engine/Plugins/Animation/ControlRig/Content/Controls/ControlRig_Wedge_3mm.uasset" 407
"../../../Engine/Plugins/Animation/ControlRig/Content/Controls/ControlRig_Wedge_3mm.uexp" 408
"../../../Engine/Plugins/Animation/ControlRig/Content/Controls/ControlRig_Wedge_1mm.ubulk" 409
"../../../Engine/Plugins/Animation/ControlRig/Content/Controls/ControlRig_Wedge_1mm.uasset" 410
"../../../Engine/Plugins/Animation/ControlRig/Content/Controls/ControlRig_Wedge_1mm.uexp" 411
"../../../Engine/Plugins/Animation/ControlRig/Content/Controls/ControlRig_Triangle_solid.ubulk" 412
"../../../Engine/Plugins/Animation/ControlRig/Content/Controls/ControlRig_Triangle_solid.uasset" 413
"../../../Engine/Plugins/Animation/ControlRig/Content/Controls/ControlRig_Triangle_solid.uexp" 414
"../../../Engine/Plugins/Animation/ControlRig/Content/Controls/ControlRig_Triangle_3mm.ubulk" 415
"../../../Engine/Plugins/Animation/ControlRig/Content/Controls/ControlRig_Triangle_3mm.uasset" 416
"../../../Engine/Plugins/Animation/ControlRig/Content/Controls/ControlRig_Triangle_3mm.uexp" 417
"../../../Engine/Plugins/Animation/ControlRig/Content/Controls/ControlRig_Triangle_1mm.ubulk" 418
"../../../Engine/Plugins/Animation/ControlRig/Content/Controls/ControlRig_Triangle_1mm.uasset" 419
"../../../Engine/Plugins/Animation/ControlRig/Content/Controls/ControlRig_Triangle_1mm.uexp" 420
"../../../Engine/Plugins/Animation/ControlRig/Content/Controls/ControlRig_Star4_solid.ubulk" 421
"../../../Engine/Plugins/Animation/ControlRig/Content/Controls/ControlRig_Star4_solid.uasset" 422
"../../../Engine/Plugins/Animation/ControlRig/Content/Controls/ControlRig_Star4_solid.uexp" 423
"../../../Engine/Plugins/Animation/ControlRig/Content/Controls/ControlRig_Star4_3mm.ubulk" 424
"../../../Engine/Plugins/Animation/ControlRig/Content/Controls/ControlRig_Star4_3mm.uasset" 425
"../../../Engine/Plugins/Animation/ControlRig/Content/Controls/ControlRig_Star4_3mm.uexp" 426
"../../../Engine/Plugins/Animation/ControlRig/Content/Controls/ControlRig_Star4_1mm.ubulk" 427
"../../../Engine/Plugins/Animation/ControlRig/Content/Controls/ControlRig_Star4_1mm.uasset" 428
"../../../Engine/Plugins/Animation/ControlRig/Content/Controls/ControlRig_Star4_1mm.uexp" 429
"../../../Engine/Plugins/Animation/ControlRig/Content/Controls/ControlRig_Square_solid.ubulk" 430
"../../../Engine/Plugins/Animation/ControlRig/Content/Controls/ControlRig_Square_solid.uasset" 431
"../../../Engine/Plugins/Animation/ControlRig/Content/Controls/ControlRig_Square_solid.uexp" 432
"../../../Engine/Plugins/Animation/ControlRig/Content/Controls/ControlRig_Square_3mm.ubulk" 433
"../../../Engine/Plugins/Animation/ControlRig/Content/Controls/ControlRig_Square_3mm.uasset" 434
"../../../Engine/Plugins/Animation/ControlRig/Content/Controls/ControlRig_Square_3mm.uexp" 435
"../../../Engine/Plugins/Animation/ControlRig/Content/Controls/ControlRig_Square_1mm.ubulk" 436
"../../../Engine/Plugins/Animation/ControlRig/Content/Controls/ControlRig_Square_1mm.uasset" 437
"../../../Engine/Plugins/Animation/ControlRig/Content/Controls/ControlRig_Square_1mm.uexp" 438
"../../../Engine/Plugins/Animation/ControlRig/Content/Controls/ControlRig_Sphere_solid.ubulk" 439
"../../../Engine/Plugins/Animation/ControlRig/Content/Controls/ControlRig_Sphere_solid.uasset" 440
"../../../Engine/Plugins/Animation/ControlRig/Content/Controls/ControlRig_Sphere_solid.uexp" 441
"../../../Engine/Plugins/Animation/ControlRig/Content/Controls/ControlRig_Sphere_3mm.ubulk" 442
"../../../Engine/Plugins/Animation/ControlRig/Content/Controls/ControlRig_Sphere_3mm.uasset" 443
"../../../Engine/Plugins/Animation/ControlRig/Content/Controls/ControlRig_Sphere_3mm.uexp" 444
"../../../Engine/Plugins/Animation/ControlRig/Content/Controls/ControlRig_Sphere_1mm.ubulk" 445
"../../../Engine/Plugins/Animation/ControlRig/Content/Controls/ControlRig_Sphere_1mm.uasset" 446
"../../../Engine/Plugins/Animation/ControlRig/Content/Controls/ControlRig_Sphere_1mm.uexp" 447
"../../../Engine/Plugins/Animation/ControlRig/Content/Controls/ControlRig_RoundedTriangle_solid.ubulk" 448
"../../../Engine/Plugins/Animation/ControlRig/Content/Controls/ControlRig_RoundedTriangle_solid.uasset" 449
"../../../Engine/Plugins/Animation/ControlRig/Content/Controls/ControlRig_RoundedTriangle_solid.uexp" 450
"../../../Engine/Plugins/Animation/ControlRig/Content/Controls/ControlRig_RoundedTriangle_3mm.ubulk" 451
"../../../Engine/Plugins/Animation/ControlRig/Content/Controls/ControlRig_RoundedTriangle_3mm.uasset" 452
"../../../Engine/Plugins/Animation/ControlRig/Content/Controls/ControlRig_RoundedTriangle_3mm.uexp" 453
"../../../Engine/Plugins/Animation/ControlRig/Content/Controls/ControlRig_RoundedTriangle_1mm.ubulk" 454
"../../../Engine/Plugins/Animation/ControlRig/Content/Controls/ControlRig_RoundedTriangle_1mm.uasset" 455
"../../../Engine/Plugins/Animation/ControlRig/Content/Controls/ControlRig_RoundedTriangle_1mm.uexp" 456
"../../../Engine/Plugins/Animation/ControlRig/Content/Controls/ControlRig_RoundedSquare_solid.ubulk" 457
"../../../Engine/Plugins/Animation/ControlRig/Content/Controls/ControlRig_RoundedSquare_solid.uasset" 458
"../../../Engine/Plugins/Animation/ControlRig/Content/Controls/ControlRig_RoundedSquare_solid.uexp" 459
"../../../Engine/Plugins/Animation/ControlRig/Content/Controls/ControlRig_RoundedSquare_3mm.ubulk" 460
"../../../Engine/Plugins/Animation/ControlRig/Content/Controls/ControlRig_RoundedSquare_3mm.uasset" 461
"../../../Engine/Plugins/Animation/ControlRig/Content/Controls/ControlRig_RoundedSquare_3mm.uexp" 462
"../../../Engine/Plugins/Animation/ControlRig/Content/Controls/ControlRig_RoundedSquare_1mm.ubulk" 463
"../../../Engine/Plugins/Animation/ControlRig/Content/Controls/ControlRig_RoundedSquare_1mm.uasset" 464
"../../../Engine/Plugins/Animation/ControlRig/Content/Controls/ControlRig_RoundedSquare_1mm.uexp" 465
"../../../Engine/Plugins/Animation/ControlRig/Content/Controls/ControlRig_QuarterCircle_solid.ubulk" 466
"../../../Engine/Plugins/Animation/ControlRig/Content/Controls/ControlRig_QuarterCircle_solid.uasset" 467
"../../../Engine/Plugins/Animation/ControlRig/Content/Controls/ControlRig_QuarterCircle_solid.uexp" 468
"../../../Engine/Plugins/Animation/ControlRig/Content/Controls/ControlRig_QuarterCircle_3mm.ubulk" 469
"../../../Engine/Plugins/Animation/ControlRig/Content/Controls/ControlRig_QuarterCircle_3mm.uasset" 470
"../../../Engine/Plugins/Animation/ControlRig/Content/Controls/ControlRig_QuarterCircle_3mm.uexp" 471
"../../../Engine/Plugins/Animation/ControlRig/Content/Controls/ControlRig_QuarterCircle_1mm.ubulk" 472
"../../../Engine/Plugins/Animation/ControlRig/Content/Controls/ControlRig_QuarterCircle_1mm.uasset" 473
"../../../Engine/Plugins/Animation/ControlRig/Content/Controls/ControlRig_QuarterCircle_1mm.uexp" 474
"../../../Engine/Plugins/Animation/ControlRig/Content/Controls/ControlRig_Pyramid_solid.ubulk" 475
"../../../Engine/Plugins/Animation/ControlRig/Content/Controls/ControlRig_Pyramid_solid.uasset" 476
"../../../Engine/Plugins/Animation/ControlRig/Content/Controls/ControlRig_Pyramid_solid.uexp" 477
"../../../Engine/Plugins/Animation/ControlRig/Content/Controls/ControlRig_Pyramid_3mm.ubulk" 478
"../../../Engine/Plugins/Animation/ControlRig/Content/Controls/ControlRig_Pyramid_3mm.uasset" 479
"../../../Engine/Plugins/Animation/ControlRig/Content/Controls/ControlRig_Pyramid_3mm.uexp" 480
"../../../Engine/Plugins/Animation/ControlRig/Content/Controls/ControlRig_Pyramid_1mm.ubulk" 481
"../../../Engine/Plugins/Animation/ControlRig/Content/Controls/ControlRig_Pyramid_1mm.uasset" 482
"../../../Engine/Plugins/Animation/ControlRig/Content/Controls/ControlRig_Pyramid_1mm.uexp" 483
"../../../Engine/Plugins/Animation/ControlRig/Content/Controls/ControlRig_Octagon_solid.ubulk" 484
"../../../Engine/Plugins/Animation/ControlRig/Content/Controls/ControlRig_Octagon_solid.uasset" 485
"../../../Engine/Plugins/Animation/ControlRig/Content/Controls/ControlRig_Octagon_solid.uexp" 486
"../../../Engine/Plugins/Animation/ControlRig/Content/Controls/ControlRig_Octagon_3mm.ubulk" 487
"../../../Engine/Plugins/Animation/ControlRig/Content/Controls/ControlRig_Octagon_3mm.uasset" 488
"../../../Engine/Plugins/Animation/ControlRig/Content/Controls/ControlRig_Octagon_3mm.uexp" 489
"../../../Engine/Plugins/Animation/ControlRig/Content/Controls/ControlRig_Octagon_1mm.ubulk" 490
"../../../Engine/Plugins/Animation/ControlRig/Content/Controls/ControlRig_Octagon_1mm.uasset" 491
"../../../Engine/Plugins/Animation/ControlRig/Content/Controls/ControlRig_Octagon_1mm.uexp" 492
"../../../Engine/Plugins/Animation/ControlRig/Content/Controls/ControlRig_Hexagon_solid.ubulk" 493
"../../../Engine/Plugins/Animation/ControlRig/Content/Controls/ControlRig_Hexagon_solid.uasset" 494
"../../../Engine/Plugins/Animation/ControlRig/Content/Controls/ControlRig_Hexagon_solid.uexp" 495
"../../../Engine/Plugins/Animation/ControlRig/Content/Controls/ControlRig_Hexagon_3mm.ubulk" 496
"../../../Engine/Plugins/Animation/ControlRig/Content/Controls/ControlRig_Hexagon_3mm.uasset" 497
"../../../Engine/Plugins/Animation/ControlRig/Content/Controls/ControlRig_Hexagon_3mm.uexp" 498
"../../../Engine/Plugins/Animation/ControlRig/Content/Controls/ControlRig_Hexagon_1mm.ubulk" 499
"../../../Engine/Plugins/Animation/ControlRig/Content/Controls/ControlRig_Hexagon_1mm.uasset" 500
"../../../Engine/Plugins/Animation/ControlRig/Content/Controls/ControlRig_Hexagon_1mm.uexp" 501
"../../../Engine/Plugins/Animation/ControlRig/Content/Controls/ControlRig_HalfCircle_solid.ubulk" 502
"../../../Engine/Plugins/Animation/ControlRig/Content/Controls/ControlRig_HalfCircle_solid.uasset" 503
"../../../Engine/Plugins/Animation/ControlRig/Content/Controls/ControlRig_HalfCircle_solid.uexp" 504
"../../../Engine/Plugins/Animation/ControlRig/Content/Controls/ControlRig_HalfCircle_3mm.ubulk" 505
"../../../Engine/Plugins/Animation/ControlRig/Content/Controls/ControlRig_HalfCircle_3mm.uasset" 506
"../../../Engine/Plugins/Animation/ControlRig/Content/Controls/ControlRig_HalfCircle_3mm.uexp" 507
"../../../Engine/Plugins/Animation/ControlRig/Content/Controls/ControlRig_HalfCircle_1mm.ubulk" 508
"../../../Engine/Plugins/Animation/ControlRig/Content/Controls/ControlRig_HalfCircle_1mm.uasset" 509
"../../../Engine/Plugins/Animation/ControlRig/Content/Controls/ControlRig_HalfCircle_1mm.uexp" 510
"../../../Engine/Plugins/Animation/ControlRig/Content/Controls/ControlRig_Diamond_solid.ubulk" 511
"../../../Engine/Plugins/Animation/ControlRig/Content/Controls/ControlRig_Diamond_solid.uasset" 512
"../../../Engine/Plugins/Animation/ControlRig/Content/Controls/ControlRig_Diamond_solid.uexp" 513
"../../../Engine/Plugins/Animation/ControlRig/Content/Controls/ControlRig_Diamond_3mm.ubulk" 514
"../../../Engine/Plugins/Animation/ControlRig/Content/Controls/ControlRig_Diamond_3mm.uasset" 515
"../../../Engine/Plugins/Animation/ControlRig/Content/Controls/ControlRig_Diamond_3mm.uexp" 516
"../../../Engine/Plugins/Animation/ControlRig/Content/Controls/ControlRig_Diamond_1mm.ubulk" 517
"../../../Engine/Plugins/Animation/ControlRig/Content/Controls/ControlRig_Diamond_1mm.uasset" 518
"../../../Engine/Plugins/Animation/ControlRig/Content/Controls/ControlRig_Diamond_1mm.uexp" 519
"../../../Engine/Plugins/Animation/ControlRig/Content/Controls/ControlRig_Circle_solid.ubulk" 520
"../../../Engine/Plugins/Animation/ControlRig/Content/Controls/ControlRig_Circle_solid.uasset" 521
"../../../Engine/Plugins/Animation/ControlRig/Content/Controls/ControlRig_Circle_solid.uexp" 522
"../../../Engine/Plugins/Animation/ControlRig/Content/Controls/ControlRig_Circle_3mm.ubulk" 523
"../../../Engine/Plugins/Animation/ControlRig/Content/Controls/ControlRig_Circle_3mm.uasset" 524
"../../../Engine/Plugins/Animation/ControlRig/Content/Controls/ControlRig_Circle_3mm.uexp" 525
"../../../Engine/Plugins/Animation/ControlRig/Content/Controls/ControlRig_Circle_1mm.ubulk" 526
"../../../Engine/Plugins/Animation/ControlRig/Content/Controls/ControlRig_Circle_1mm.uasset" 527
"../../../Engine/Plugins/Animation/ControlRig/Content/Controls/ControlRig_Circle_1mm.uexp" 528
"../../../Engine/Plugins/Animation/ControlRig/Content/Controls/ControlRig_Box_solid.ubulk" 529
"../../../Engine/Plugins/Animation/ControlRig/Content/Controls/ControlRig_Box_solid.uasset" 530
"../../../Engine/Plugins/Animation/ControlRig/Content/Controls/ControlRig_Box_solid.uexp" 531
"../../../Engine/Plugins/Animation/ControlRig/Content/Controls/ControlRig_Box_3mm.ubulk" 532
"../../../Engine/Plugins/Animation/ControlRig/Content/Controls/ControlRig_Box_3mm.uasset" 533
"../../../Engine/Plugins/Animation/ControlRig/Content/Controls/ControlRig_Box_3mm.uexp" 534
"../../../Engine/Plugins/Animation/ControlRig/Content/Controls/ControlRig_Box_1mm.ubulk" 535
"../../../Engine/Plugins/Animation/ControlRig/Content/Controls/ControlRig_Box_1mm.uasset" 536
"../../../Engine/Plugins/Animation/ControlRig/Content/Controls/ControlRig_Box_1mm.uexp" 537
"../../../Engine/Plugins/Animation/ControlRig/Content/Controls/ControlRig_Arrow_solid.ubulk" 538
"../../../Engine/Plugins/Animation/ControlRig/Content/Controls/ControlRig_Arrow_solid.uasset" 539
"../../../Engine/Plugins/Animation/ControlRig/Content/Controls/ControlRig_Arrow_solid.uexp" 540
"../../../Engine/Plugins/Animation/ControlRig/Content/Controls/ControlRig_Arrow_3mm.ubulk" 541
"../../../Engine/Plugins/Animation/ControlRig/Content/Controls/ControlRig_Arrow_3mm.uasset" 542
"../../../Engine/Plugins/Animation/ControlRig/Content/Controls/ControlRig_Arrow_3mm.uexp" 543
"../../../Engine/Plugins/Animation/ControlRig/Content/Controls/ControlRig_Arrow_1mm.ubulk" 544
"../../../Engine/Plugins/Animation/ControlRig/Content/Controls/ControlRig_Arrow_1mm.uasset" 545
"../../../Engine/Plugins/Animation/ControlRig/Content/Controls/ControlRig_Arrow_1mm.uexp" 546
"../../../Engine/Plugins/Animation/ControlRig/Content/Controls/ControlRig_Arrow4_solid.ubulk" 547
"../../../Engine/Plugins/Animation/ControlRig/Content/Controls/ControlRig_Arrow4_solid.uasset" 548
"../../../Engine/Plugins/Animation/ControlRig/Content/Controls/ControlRig_Arrow4_solid.uexp" 549
"../../../Engine/Plugins/Animation/ControlRig/Content/Controls/ControlRig_Arrow4_3mm.ubulk" 550
"../../../Engine/Plugins/Animation/ControlRig/Content/Controls/ControlRig_Arrow4_3mm.uasset" 551
"../../../Engine/Plugins/Animation/ControlRig/Content/Controls/ControlRig_Arrow4_3mm.uexp" 552
"../../../Engine/Plugins/Animation/ControlRig/Content/Controls/ControlRig_Arrow4_1mm.ubulk" 553
"../../../Engine/Plugins/Animation/ControlRig/Content/Controls/ControlRig_Arrow4_1mm.uasset" 554
"../../../Engine/Plugins/Animation/ControlRig/Content/Controls/ControlRig_Arrow4_1mm.uexp" 555
"../../../Engine/Plugins/Animation/ControlRig/Content/Controls/ControlRig_Arrow2_solid.ubulk" 556
"../../../Engine/Plugins/Animation/ControlRig/Content/Controls/ControlRig_Arrow2_solid.uasset" 557
"../../../Engine/Plugins/Animation/ControlRig/Content/Controls/ControlRig_Arrow2_solid.uexp" 558
"../../../Engine/Plugins/Animation/ControlRig/Content/Controls/ControlRig_Arrow2_3mm.ubulk" 559
"../../../Engine/Plugins/Animation/ControlRig/Content/Controls/ControlRig_Arrow2_3mm.uasset" 560
"../../../Engine/Plugins/Animation/ControlRig/Content/Controls/ControlRig_Arrow2_3mm.uexp" 561
"../../../Engine/Plugins/Animation/ControlRig/Content/Controls/ControlRig_Arrow2_1mm.ubulk" 562
"../../../Engine/Plugins/Animation/ControlRig/Content/Controls/ControlRig_Arrow2_1mm.uasset" 563
"../../../Engine/Plugins/Animation/ControlRig/Content/Controls/ControlRig_Arrow2_1mm.uexp" 564
"../../../Engine/Plugins/Animation/ControlRig/Content/Controls/ControlRigXRayMaterial.uasset" 565
"../../../Engine/Plugins/Animation/ControlRig/Content/Controls/ControlRigXRayMaterial.uexp" 566
"../../../Engine/Plugins/Animation/ControlRig/Content/Controls/ControlRigGizmoMaterial.uasset" 567
"../../../Engine/Plugins/Animation/ControlRig/Content/Controls/ControlRigGizmoMaterial.uexp" 568
"../../../Engine/Content/EngineResources/WhiteSquareTexture.uasset" 569
"../../../Engine/Content/EngineResources/WhiteSquareTexture.uexp" 570
"../../../Engine/Content/EngineMaterials/Widget3DPassThrough.uasset" 571
"../../../Engine/Content/EngineMaterials/Widget3DPassThrough.uexp" 572
"../../../Engine/Content/EngineMaterials/Widget3DPassThrough_Translucent.uasset" 573
"../../../Engine/Content/EngineMaterials/Widget3DPassThrough_Translucent.uexp" 574
"../../../Engine/Content/EngineMaterials/Widget3DPassThrough_Translucent_OneSided.uasset" 575
"../../../Engine/Content/EngineMaterials/Widget3DPassThrough_Translucent_OneSided.uexp" 576
"../../../Engine/Content/EngineMaterials/Widget3DPassThrough_Opaque.uasset" 577
"../../../Engine/Content/EngineMaterials/Widget3DPassThrough_Opaque.uexp" 578
"../../../Engine/Content/EngineMaterials/Widget3DPassThrough_Opaque_OneSided.uasset" 579
"../../../Engine/Content/EngineMaterials/Widget3DPassThrough_Opaque_OneSided.uexp" 580
"../../../Engine/Content/EngineMaterials/Widget3DPassThrough_Masked_OneSided.uasset" 581
"../../../Engine/Content/EngineMaterials/Widget3DPassThrough_Masked_OneSided.uexp" 582
"../../../Engine/Content/EngineMaterials/Widget3DPassThrough_Masked.uasset" 583
"../../../Engine/Content/EngineMaterials/Widget3DPassThrough_Masked.uexp" 584
"../../../Engine/Content/EngineMaterials/WeightMapPlaceholderTexture.uasset" 585
"../../../Engine/Content/EngineMaterials/WeightMapPlaceholderTexture.uexp" 586
"../../../Engine/Content/EngineMaterials/WeightMapArrayPlaceholderTexture.uasset" 587
"../../../Engine/Content/EngineMaterials/WeightMapArrayPlaceholderTexture.uexp" 588
"../../../Engine/Content/EngineMaterials/RemoveSurfaceMaterial.uasset" 589
"../../../Engine/Content/EngineMaterials/RemoveSurfaceMaterial.uexp" 590
"../../../Engine/Content/EngineMaterials/DefaultCalibrationGrayscale.uasset" 591
"../../../Engine/Content/EngineMaterials/DefaultCalibrationGrayscale.uexp" 592
"../../../Engine/Content/EngineMaterials/PPM_DefaultCalibrationGrayscale.uasset" 593
"../../../Engine/Content/EngineMaterials/PPM_DefaultCalibrationGrayscale.uexp" 594
"../../../Engine/Content/EngineMaterials/DefaultCalibrationColor.uasset" 595
"../../../Engine/Content/EngineMaterials/DefaultCalibrationColor.uexp" 596
"../../../Engine/Content/EngineMaterials/PPM_DefaultCalibrationColor.uasset" 597
"../../../Engine/Content/EngineMaterials/PPM_DefaultCalibrationColor.uexp" 598
"../../../Engine/Content/EngineMaterials/PhAT_JointLimitMaterial.uasset" 599
"../../../Engine/Content/EngineMaterials/PhAT_JointLimitMaterial.uexp" 600
"../../../Engine/Content/EngineMaterials/NaniteHiddenSectionMaterial.uasset" 601
"../../../Engine/Content/EngineMaterials/NaniteHiddenSectionMaterial.uexp" 602
"../../../Engine/Content/EngineMaterials/InvalidLightmapSettings.ubulk" 603
"../../../Engine/Content/EngineMaterials/InvalidLightmapSettings.uasset" 604
"../../../Engine/Content/EngineMaterials/InvalidLightmapSettings.uexp" 605
"../../../Engine/Content/EngineMaterials/M_InvalidLightmapSettings.uasset" 606
"../../../Engine/Content/EngineMaterials/M_InvalidLightmapSettings.uexp" 607
"../../../Engine/Content/EngineMaterials/GizmoMaterial.uasset" 608
"../../../Engine/Content/EngineMaterials/GizmoMaterial.uexp" 609
"../../../Engine/Content/EngineMaterials/BaseFlattenEmissiveMap_VT.uasset" 610
"../../../Engine/Content/EngineMaterials/BaseFlattenEmissiveMap_VT.uexp" 611
"../../../Engine/Content/EngineMaterials/BaseFlattenGrayscaleMap_VT.uasset" 612
"../../../Engine/Content/EngineMaterials/BaseFlattenGrayscaleMap_VT.uexp" 613
"../../../Engine/Content/EngineMaterials/BaseFlattenLinearColor_VT.uasset" 614
"../../../Engine/Content/EngineMaterials/BaseFlattenLinearColor_VT.uexp" 615
"../../../Engine/Content/EngineMaterials/Black_1x1_EXR_Texture_VT.uasset" 616
"../../../Engine/Content/EngineMaterials/Black_1x1_EXR_Texture_VT.uexp" 617
"../../../Engine/Content/EngineMaterials/BaseFlattenDiffuseMap_VT.uasset" 618
"../../../Engine/Content/EngineMaterials/BaseFlattenDiffuseMap_VT.uexp" 619
"../../../Engine/Content/EngineMaterials/BaseFlattenNormalMap_VT.uasset" 620
"../../../Engine/Content/EngineMaterials/BaseFlattenNormalMap_VT.uexp" 621
"../../../Engine/Content/EngineMaterials/FlattenMaterial_WS_Normal_VT.uasset" 622
"../../../Engine/Content/EngineMaterials/FlattenMaterial_WS_Normal_VT.uexp" 623
"../../../Engine/Content/EngineMaterials/FlattenMaterial_VT.uasset" 624
"../../../Engine/Content/EngineMaterials/FlattenMaterial_VT.uexp" 625
"../../../Engine/Content/EngineMaterials/BaseFlattenNormalMap.uasset" 626
"../../../Engine/Content/EngineMaterials/BaseFlattenNormalMap.uexp" 627
"../../../Engine/Content/EngineMaterials/BaseFlattenGrayscaleMap.uasset" 628
"../../../Engine/Content/EngineMaterials/BaseFlattenGrayscaleMap.uexp" 629
"../../../Engine/Content/EngineMaterials/BaseFlattenDiffuseMap.uasset" 630
"../../../Engine/Content/EngineMaterials/BaseFlattenDiffuseMap.uexp" 631
"../../../Engine/Content/Functions/Engine_MaterialFunctions02/PivotPainter2/Black_1x1_EXR_Texture.uasset" 632
"../../../Engine/Content/Functions/Engine_MaterialFunctions02/PivotPainter2/Black_1x1_EXR_Texture.uexp" 633
"../../../Engine/Content/EngineMaterials/BaseFlattenEmissiveMap.uasset" 634
"../../../Engine/Content/EngineMaterials/BaseFlattenEmissiveMap.uexp" 635
"../../../Engine/Content/EngineMaterials/BaseFlattenLinearColor.uasset" 636
"../../../Engine/Content/EngineMaterials/BaseFlattenLinearColor.uexp" 637
"../../../Engine/Content/EngineMaterials/FlattenMaterial.uasset" 638
"../../../Engine/Content/EngineMaterials/FlattenMaterial.uexp" 639
"../../../Engine/Content/EngineMaterials/DefaultWhiteGrid_Low.uasset" 640
"../../../Engine/Content/EngineMaterials/DefaultWhiteGrid_Low.uexp" 641
"../../../Engine/Content/EngineMaterials/EmissiveMeshMaterial.uasset" 642
"../../../Engine/Content/EngineMaterials/EmissiveMeshMaterial.uexp" 643
"../../../Engine/Content/EngineFonts/RobotoDistanceField.uasset" 644
"../../../Engine/Content/EngineFonts/RobotoDistanceField.uexp" 645
"../../../Engine/Content/EngineMaterials/DefaultTextMaterialOpaque.uasset" 646
"../../../Engine/Content/EngineMaterials/DefaultTextMaterialOpaque.uexp" 647
"../../../Engine/Content/EngineMaterials/DefaultDiffuse.ubulk" 648
"../../../Engine/Content/EngineMaterials/DefaultDiffuse.uasset" 649
"../../../Engine/Content/EngineMaterials/DefaultDiffuse.uexp" 650
"../../../Engine/Content/EngineMaterials/DefaultPostProcessMaterial.uasset" 651
"../../../Engine/Content/EngineMaterials/DefaultPostProcessMaterial.uexp" 652
"../../../Engine/Content/EngineMaterials/DefaultLightFunctionMaterial.uasset" 653
"../../../Engine/Content/EngineMaterials/DefaultLightFunctionMaterial.uexp" 654
"../../../Engine/Content/EngineMaterials/DefaultDeferredDecalMaterial.uasset" 655
"../../../Engine/Content/EngineMaterials/DefaultDeferredDecalMaterial.uexp" 656
"../../../Engine/Content/Functions/Engine_MaterialFunctions02/Utility/CameraDirectionVector.uasset" 657
"../../../Engine/Content/Functions/Engine_MaterialFunctions02/Utility/CameraDirectionVector.uexp" 658
"../../../Engine/Content/EngineDebugMaterials/VolumeToRender.uasset" 659
"../../../Engine/Content/EngineDebugMaterials/VolumeToRender.uexp" 660
"../../../Engine/Content/EngineDebugMaterials/M_VolumeRenderSphereTracePP.uasset" 661
"../../../Engine/Content/EngineDebugMaterials/M_VolumeRenderSphereTracePP.uexp" 662
"../../../Engine/Content/EngineDebugMaterials/M_SimpleUnlitTranslucent.uasset" 663
"../../../Engine/Content/EngineDebugMaterials/M_SimpleUnlitTranslucent.uexp" 664
"../../../Engine/Content/EngineDebugMaterials/DebugMeshMaterial.uasset" 665
"../../../Engine/Content/EngineDebugMaterials/DebugMeshMaterial.uexp" 666
"../../../Engine/Content/EngineDebugMaterials/DebugEditorMaterial.uasset" 667
"../../../Engine/Content/EngineDebugMaterials/DebugEditorMaterial.uexp" 668
"../../../Engine/Content/EditorMaterials/PreviewShadowIndicator.ubulk" 669
"../../../Engine/Content/EditorMaterials/PreviewShadowIndicator.uasset" 670
"../../../Engine/Content/EditorMaterials/PreviewShadowIndicator.uexp" 671
"../../../Engine/Content/EditorMaterials/PreviewShadowIndicatorMaterial.uasset" 672
"../../../Engine/Content/EditorMaterials/PreviewShadowIndicatorMaterial.uexp" 673
"../../../Engine/Content/EditorMaterials/PhAT_UnselectedMaterial.uasset" 674
"../../../Engine/Content/EditorMaterials/PhAT_UnselectedMaterial.uexp" 675
"../../../Engine/Content/EditorMaterials/PhAT_NoCollisionMaterial.uasset" 676
"../../../Engine/Content/EditorMaterials/PhAT_NoCollisionMaterial.uexp" 677
"../../../Engine/Content/EditorLandscapeResources/SplineEditorMeshMat.uasset" 678
"../../../Engine/Content/EditorLandscapeResources/SplineEditorMeshMat.uexp" 679
"../../../Engine/Content/EditorLandscapeResources/SplineEditorMesh.ubulk" 680
"../../../Engine/Content/EditorLandscapeResources/SplineEditorMesh.uasset" 681
"../../../Engine/Content/EditorLandscapeResources/SplineEditorMesh.uexp" 682
"../../../Engine/Content/EngineMaterials/DefaultMaterial.uasset" 683
"../../../Engine/Content/EngineMaterials/DefaultMaterial.uexp" 684
"../../../Engine/Content/BasicShapes/Cone.ubulk" 685
"../../../Engine/Content/BasicShapes/Cone.uasset" 686
"../../../Engine/Content/BasicShapes/Cone.uexp" 687
"C:/rdSemesterProjects/Dream/Dream/Content/KayKit/DungeonElements/MaterialInstances/MI_StoneDark.uasset" 688
"C:/rdSemesterProjects/Dream/Dream/Content/KayKit/DungeonElements/MaterialInstances/MI_StoneDark.uexp" 689
"C:/rdSemesterProjects/Dream/Dream/Content/KayKit/DungeonElements/MaterialInstances/MI_Stone.uasset" 690
"C:/rdSemesterProjects/Dream/Dream/Content/KayKit/DungeonElements/MaterialInstances/MI_Stone.uexp" 691
"C:/rdSemesterProjects/Dream/Dream/Content/KayKit/DungeonElements/MaterialInstances/MI_WoodDark.uasset" 692
"C:/rdSemesterProjects/Dream/Dream/Content/KayKit/DungeonElements/MaterialInstances/MI_WoodDark.uexp" 693
"C:/rdSemesterProjects/Dream/Dream/Content/KayKit/DungeonElements/dagger_common.ubulk" 694
"C:/rdSemesterProjects/Dream/Dream/Content/KayKit/DungeonElements/dagger_common.uasset" 695
"C:/rdSemesterProjects/Dream/Dream/Content/KayKit/DungeonElements/dagger_common.uexp" 696
"../../../Engine/Content/VREditor/TransformGizmo/Main.uasset" 697
"../../../Engine/Content/VREditor/TransformGizmo/Main.uexp" 698
"../../../Engine/Content/VREditor/TransformGizmo/Xray.uasset" 699
"../../../Engine/Content/VREditor/TransformGizmo/Xray.uexp" 700
"../../../Engine/Content/VREditor/TransformGizmo/SM_Sequencer_Node.ubulk" 701
"../../../Engine/Content/VREditor/TransformGizmo/SM_Sequencer_Node.uasset" 702
"../../../Engine/Content/VREditor/TransformGizmo/SM_Sequencer_Node.uexp" 703
"../../../Engine/Content/VREditor/LaserPointer/VR_LaserPower_01.ubulk" 704
"../../../Engine/Content/VREditor/LaserPointer/VR_LaserPower_01.uasset" 705
"../../../Engine/Content/VREditor/LaserPointer/VR_LaserPower_01.uexp" 706
"../../../Engine/Content/VREditor/TransformGizmo/TransformGizmoMaterial.uasset" 707
"../../../Engine/Content/VREditor/TransformGizmo/TransformGizmoMaterial.uexp" 708
"../../../Engine/Content/VREditor/TransformGizmo/TranslucentTransformGizmoMaterial.uasset" 709
"../../../Engine/Content/VREditor/TransformGizmo/TranslucentTransformGizmoMaterial.uexp" 710
"../../../Engine/Content/VREditor/TransformGizmo/BoundingBoxEdge.ubulk" 711
"../../../Engine/Content/VREditor/TransformGizmo/BoundingBoxEdge.uasset" 712
"../../../Engine/Content/VREditor/TransformGizmo/BoundingBoxEdge.uexp" 713
"../../../Engine/Content/VREditor/TransformGizmo/BoundingBoxCorner.ubulk" 714
"../../../Engine/Content/VREditor/TransformGizmo/BoundingBoxCorner.uasset" 715
"../../../Engine/Content/VREditor/TransformGizmo/BoundingBoxCorner.uexp" 716
"../../../Engine/Content/EngineSky/VolumetricClouds/T_CloudMask.ubulk" 717
"../../../Engine/Content/EngineSky/VolumetricClouds/T_CloudMask.uasset" 718
"../../../Engine/Content/EngineSky/VolumetricClouds/T_CloudMask.uexp" 719
"../../../Engine/Content/EngineSky/VolumetricClouds/VT_Lightning.uasset" 720
"../../../Engine/Content/EngineSky/VolumetricClouds/VT_Lightning.uexp" 721
"../../../Engine/Content/EngineSky/VolumetricClouds/T_Profile_08.ubulk" 722
"../../../Engine/Content/EngineSky/VolumetricClouds/T_Profile_08.uasset" 723
"../../../Engine/Content/EngineSky/VolumetricClouds/T_Profile_08.uexp" 724
"../../../Engine/Content/Functions/Engine_MaterialFunctions02/Utility/MakeFloat4.uasset" 725
"../../../Engine/Content/Functions/Engine_MaterialFunctions02/Utility/MakeFloat4.uexp" 726
"../../../Engine/Content/Functions/Engine_MaterialFunctions01/Units/Km-to-Cm.uasset" 727
"../../../Engine/Content/Functions/Engine_MaterialFunctions01/Units/Km-to-Cm.uexp" 728
"../../../Engine/Content/Functions/Engine_MaterialFunctions02/Utility/BreakOutFloat4Components.uasset" 729
"../../../Engine/Content/Functions/Engine_MaterialFunctions02/Utility/BreakOutFloat4Components.uexp" 730
"../../../Engine/Content/EngineSky/VolumetricClouds/T_CloudPattern.ubulk" 731
"../../../Engine/Content/EngineSky/VolumetricClouds/T_CloudPattern.uasset" 732
"../../../Engine/Content/EngineSky/VolumetricClouds/T_CloudPattern.uexp" 733
"../../../Engine/Content/EngineSky/VolumetricClouds/VT_PerlinWorley_Balanced.uasset" 734
"../../../Engine/Content/EngineSky/VolumetricClouds/VT_PerlinWorley_Balanced.uexp" 735
"../../../Engine/Content/EngineSky/VolumetricClouds/m_SimpleVolumetricCloud.uasset" 736
"../../../Engine/Content/EngineSky/VolumetricClouds/m_SimpleVolumetricCloud.uexp" 737
"../../../Engine/Content/EngineSky/VolumetricClouds/m_SimpleVolumetricCloud_Inst.uasset" 738
"../../../Engine/Content/EngineSky/VolumetricClouds/m_SimpleVolumetricCloud_Inst.uexp" 739
"../../../Engine/Content/EditorMaterials/Camera/CineMat.uasset" 740
"../../../Engine/Content/EditorMaterials/Camera/CineMat.uexp" 741
"../../../Engine/Content/EditorMaterials/Camera/MI_CineMat_Rig.uasset" 742
"../../../Engine/Content/EditorMaterials/Camera/MI_CineMat_Rig.uexp" 743
"../../../Engine/Content/EditorMeshes/Camera/SM_RailRig_Track.ubulk" 744
"../../../Engine/Content/EditorMeshes/Camera/SM_RailRig_Track.uasset" 745
"../../../Engine/Content/EditorMeshes/Camera/SM_RailRig_Track.uexp" 746
"../../../Engine/Content/EditorMeshes/Camera/SM_RailRig_Mount.ubulk" 747
"../../../Engine/Content/EditorMeshes/Camera/SM_RailRig_Mount.uasset" 748
"../../../Engine/Content/EditorMeshes/Camera/SM_RailRig_Mount.uexp" 749
"../../../Engine/Content/EditorMeshes/Camera/SM_CraneRig_Mount.ubulk" 750
"../../../Engine/Content/EditorMeshes/Camera/SM_CraneRig_Mount.uasset" 751
"../../../Engine/Content/EditorMeshes/Camera/SM_CraneRig_Mount.uexp" 752
"../../../Engine/Content/EditorMeshes/Camera/SM_CraneRig_Body.ubulk" 753
"../../../Engine/Content/EditorMeshes/Camera/SM_CraneRig_Body.uasset" 754
"../../../Engine/Content/EditorMeshes/Camera/SM_CraneRig_Body.uexp" 755
"../../../Engine/Content/EditorMeshes/Camera/SM_CraneRig_Base.ubulk" 756
"../../../Engine/Content/EditorMeshes/Camera/SM_CraneRig_Base.uasset" 757
"../../../Engine/Content/EditorMeshes/Camera/SM_CraneRig_Base.uexp" 758
"../../../Engine/Content/EditorMeshes/Camera/SM_CraneRig_Arm.ubulk" 759
"../../../Engine/Content/EditorMeshes/Camera/SM_CraneRig_Arm.uasset" 760
"../../../Engine/Content/EditorMeshes/Camera/SM_CraneRig_Arm.uexp" 761
"../../../Engine/Content/EditorMaterials/Dataflow/DataflowVertexMaterial.uasset" 762
"../../../Engine/Content/EditorMaterials/Dataflow/DataflowVertexMaterial.uexp" 763
"../../../Engine/Content/EditorMaterials/Dataflow/DataflowTwoSidedVertexMaterial.uasset" 764
"../../../Engine/Content/EditorMaterials/Dataflow/DataflowTwoSidedVertexMaterial.uexp" 765
"../../../Engine/Plugins/Interchange/Assets/Content/gltf/Textures/T_White_srgb.uasset" 766
"../../../Engine/Plugins/Interchange/Assets/Content/gltf/Textures/T_White_srgb.uexp" 767
"../../../Engine/Plugins/Interchange/Assets/Content/gltf/MaterialFunctions/MF_BaseColor.uasset" 768
"../../../Engine/Plugins/Interchange/Assets/Content/gltf/MaterialFunctions/MF_BaseColor.uexp" 769
"../../../Engine/Plugins/Interchange/Assets/Content/gltf/MaterialFunctions/MF_RotateV2.uasset" 770
"../../../Engine/Plugins/Interchange/Assets/Content/gltf/MaterialFunctions/MF_RotateV2.uexp" 771
"../../../Engine/Plugins/Interchange/Assets/Content/gltf/MaterialFunctions/MF_TransformUVs.uasset" 772
"../../../Engine/Plugins/Interchange/Assets/Content/gltf/MaterialFunctions/MF_TransformUVs.uexp" 773
"../../../Engine/Plugins/Interchange/Assets/Content/gltf/MaterialBodies/MF_Unlit_Body.uasset" 774
"../../../Engine/Plugins/Interchange/Assets/Content/gltf/MaterialBodies/MF_Unlit_Body.uexp" 775
"../../../Engine/Plugins/Interchange/Assets/Content/gltf/M_Unlit.uasset" 776
"../../../Engine/Plugins/Interchange/Assets/Content/gltf/M_Unlit.uexp" 777
"../../../Engine/Plugins/Interchange/Assets/Content/gltf/MaterialInstances/MI_Unlit_Opaque_DS.uasset" 778
"../../../Engine/Plugins/Interchange/Assets/Content/gltf/MaterialInstances/MI_Unlit_Opaque_DS.uexp" 779
"../../../Engine/Plugins/Interchange/Assets/Content/gltf/MaterialInstances/MI_Unlit_Opaque.uasset" 780
"../../../Engine/Plugins/Interchange/Assets/Content/gltf/MaterialInstances/MI_Unlit_Opaque.uexp" 781
"../../../Engine/Plugins/Interchange/Assets/Content/gltf/MaterialInstances/MI_Unlit_Mask_DS.uasset" 782
"../../../Engine/Plugins/Interchange/Assets/Content/gltf/MaterialInstances/MI_Unlit_Mask_DS.uexp" 783
"../../../Engine/Plugins/Interchange/Assets/Content/gltf/MaterialInstances/MI_Unlit_Mask.uasset" 784
"../../../Engine/Plugins/Interchange/Assets/Content/gltf/MaterialInstances/MI_Unlit_Mask.uexp" 785
"../../../Engine/Plugins/Interchange/Assets/Content/gltf/MaterialInstances/MI_Unlit_Blend_DS.uasset" 786
"../../../Engine/Plugins/Interchange/Assets/Content/gltf/MaterialInstances/MI_Unlit_Blend_DS.uexp" 787
"../../../Engine/Plugins/Interchange/Assets/Content/gltf/MaterialInstances/MI_Unlit_Blend.uasset" 788
"../../../Engine/Plugins/Interchange/Assets/Content/gltf/MaterialInstances/MI_Unlit_Blend.uexp" 789
"../../../Engine/Content/Functions/Engine_MaterialFunctions02/Math/Transform3x3Matrix.uasset" 790
"../../../Engine/Content/Functions/Engine_MaterialFunctions02/Math/Transform3x3Matrix.uexp" 791
"../../../Engine/Content/EngineMaterials/Good64x64TilingNoiseHighFreq.uasset" 792
"../../../Engine/Content/EngineMaterials/Good64x64TilingNoiseHighFreq.uexp" 793
"../../../Engine/Content/Functions/Engine_MaterialFunctions02/Texturing/ScreenAlignedPixelToPixelUVs.uasset" 794
"../../../Engine/Content/Functions/Engine_MaterialFunctions02/Texturing/ScreenAlignedPixelToPixelUVs.uexp" 795
"../../../Engine/Plugins/Interchange/Assets/Content/gltf/MaterialFunctions/MF_Temporal_Blur.uasset" 796
"../../../Engine/Plugins/Interchange/Assets/Content/gltf/MaterialFunctions/MF_Temporal_Blur.uexp" 797
"../../../Engine/Plugins/Interchange/Assets/Content/gltf/MaterialFunctions/MF_Specular.uasset" 798
"../../../Engine/Plugins/Interchange/Assets/Content/gltf/MaterialFunctions/MF_Specular.uexp" 799
"../../../Engine/Plugins/Interchange/Assets/Content/gltf/Textures/T_Anisotropy_Direction_Linear.uasset" 800
"../../../Engine/Plugins/Interchange/Assets/Content/gltf/Textures/T_Anisotropy_Direction_Linear.uexp" 801
"../../../Engine/Plugins/Interchange/Assets/Content/gltf/MaterialFunctions/MF_SpecularAnisotropy.uasset" 802
"../../../Engine/Plugins/Interchange/Assets/Content/gltf/MaterialFunctions/MF_SpecularAnisotropy.uexp" 803
"../../../Engine/Plugins/Interchange/Assets/Content/gltf/Textures/T_White_Linear.uasset" 804
"../../../Engine/Plugins/Interchange/Assets/Content/gltf/Textures/T_White_Linear.uexp" 805
"../../../Engine/Plugins/Interchange/Assets/Content/gltf/MaterialFunctions/MF_MetallicRoughness.uasset" 806
"../../../Engine/Plugins/Interchange/Assets/Content/gltf/MaterialFunctions/MF_MetallicRoughness.uexp" 807
"../../../Engine/Plugins/Interchange/Assets/Content/gltf/Textures/T_Generic_N.uasset" 808
"../../../Engine/Plugins/Interchange/Assets/Content/gltf/Textures/T_Generic_N.uexp" 809
"../../../Engine/Plugins/Interchange/Assets/Content/gltf/MaterialFunctions/MF_ScaleNormal.uasset" 810
"../../../Engine/Plugins/Interchange/Assets/Content/gltf/MaterialFunctions/MF_ScaleNormal.uexp" 811
"../../../Engine/Plugins/Interchange/Assets/Content/gltf/MaterialFunctions/MF_Fresnel_DS.uasset" 812
"../../../Engine/Plugins/Interchange/Assets/Content/gltf/MaterialFunctions/MF_Fresnel_DS.uexp" 813
"../../../Engine/Plugins/Interchange/Assets/Content/gltf/MaterialFunctions/MF_Iridescence.uasset" 814
"../../../Engine/Plugins/Interchange/Assets/Content/gltf/MaterialFunctions/MF_Iridescence.uexp" 815
"../../../Engine/Plugins/Interchange/Assets/Content/gltf/MaterialFunctions/MF_Occlusion.uasset" 816
"../../../Engine/Plugins/Interchange/Assets/Content/gltf/MaterialFunctions/MF_Occlusion.uexp" 817
"../../../Engine/Plugins/Interchange/Assets/Content/gltf/MaterialFunctions/MF_IOR.uasset" 818
"../../../Engine/Plugins/Interchange/Assets/Content/gltf/MaterialFunctions/MF_IOR.uexp" 819
"../../../Engine/Plugins/Interchange/Assets/Content/gltf/MaterialFunctions/MF_Transmission.uasset" 820
"../../../Engine/Plugins/Interchange/Assets/Content/gltf/MaterialFunctions/MF_Transmission.uexp" 821
"../../../Engine/Plugins/Interchange/Assets/Content/gltf/MaterialFunctions/MF_RotateNormals_TS.uasset" 822
"../../../Engine/Plugins/Interchange/Assets/Content/gltf/MaterialFunctions/MF_RotateNormals_TS.uexp" 823
"../../../Engine/Plugins/Interchange/Assets/Content/gltf/MaterialFunctions/MF_Normals.uasset" 824
"../../../Engine/Plugins/Interchange/Assets/Content/gltf/MaterialFunctions/MF_Normals.uexp" 825
"../../../Engine/Plugins/Interchange/Assets/Content/gltf/MaterialBodies/MF_Transmission_Body.uasset" 826
"../../../Engine/Plugins/Interchange/Assets/Content/gltf/MaterialBodies/MF_Transmission_Body.uexp" 827
"../../../Engine/Plugins/Interchange/Assets/Content/gltf/M_Transmission.uasset" 828
"../../../Engine/Plugins/Interchange/Assets/Content/gltf/M_Transmission.uexp" 829
"../../../Engine/Plugins/Interchange/Assets/Content/gltf/MaterialInstances/MI_Transmission_DS.uasset" 830
"../../../Engine/Plugins/Interchange/Assets/Content/gltf/MaterialInstances/MI_Transmission_DS.uexp" 831
"../../../Engine/Plugins/Interchange/Assets/Content/gltf/MaterialInstances/MI_Transmission.uasset" 832
"../../../Engine/Plugins/Interchange/Assets/Content/gltf/MaterialInstances/MI_Transmission.uexp" 833
"../../../Engine/Content/Functions/Engine_MaterialFunctions02/Math/AddComponents.uasset" 834
"../../../Engine/Content/Functions/Engine_MaterialFunctions02/Math/AddComponents.uexp" 835
"../../../Engine/Plugins/Interchange/Assets/Content/gltf/MaterialFunctions/MF_DiffuseSpecGloss.uasset" 836
"../../../Engine/Plugins/Interchange/Assets/Content/gltf/MaterialFunctions/MF_DiffuseSpecGloss.uexp" 837
"../../../Engine/Plugins/Interchange/Assets/Content/gltf/MaterialFunctions/MF_Emissive.uasset" 838
"../../../Engine/Plugins/Interchange/Assets/Content/gltf/MaterialFunctions/MF_Emissive.uexp" 839
"../../../Engine/Plugins/Interchange/Assets/Content/gltf/MaterialFunctions/MF_PerceivedBrightness.uasset" 840
"../../../Engine/Plugins/Interchange/Assets/Content/gltf/MaterialFunctions/MF_PerceivedBrightness.uexp" 841
"../../../Engine/Plugins/Interchange/Assets/Content/gltf/MaterialFunctions/MF_SpecGlossToMetalRoughness.uasset" 842
"../../../Engine/Plugins/Interchange/Assets/Content/gltf/MaterialFunctions/MF_SpecGlossToMetalRoughness.uexp" 843
"../../../Engine/Plugins/Interchange/Assets/Content/gltf/MaterialFunctions/MF_MaxComponentValue.uasset" 844
"../../../Engine/Plugins/Interchange/Assets/Content/gltf/MaterialFunctions/MF_MaxComponentValue.uexp" 845
"../../../Engine/Plugins/Interchange/Assets/Content/gltf/MaterialBodies/MF_SpecularGlossiness_Body.uasset" 846
"../../../Engine/Plugins/Interchange/Assets/Content/gltf/MaterialBodies/MF_SpecularGlossiness_Body.uexp" 847
"../../../Engine/Plugins/Interchange/Assets/Content/gltf/M_SpecularGlossiness.uasset" 848
"../../../Engine/Plugins/Interchange/Assets/Content/gltf/M_SpecularGlossiness.uexp" 849
"../../../Engine/Plugins/Interchange/Assets/Content/gltf/MaterialInstances/MI_SpecularGlossiness_Opaque_DS.uasset" 850
"../../../Engine/Plugins/Interchange/Assets/Content/gltf/MaterialInstances/MI_SpecularGlossiness_Opaque_DS.uexp" 851
"../../../Engine/Plugins/Interchange/Assets/Content/gltf/MaterialInstances/MI_SpecularGlossiness_Opaque.uasset" 852
"../../../Engine/Plugins/Interchange/Assets/Content/gltf/MaterialInstances/MI_SpecularGlossiness_Opaque.uexp" 853
"../../../Engine/Plugins/Interchange/Assets/Content/gltf/MaterialInstances/MI_SpecularGlossiness_Mask_DS.uasset" 854
"../../../Engine/Plugins/Interchange/Assets/Content/gltf/MaterialInstances/MI_SpecularGlossiness_Mask_DS.uexp" 855
"../../../Engine/Plugins/Interchange/Assets/Content/gltf/MaterialInstances/MI_SpecularGlossiness_Mask.uasset" 856
"../../../Engine/Plugins/Interchange/Assets/Content/gltf/MaterialInstances/MI_SpecularGlossiness_Mask.uexp" 857
"../../../Engine/Plugins/Interchange/Assets/Content/gltf/MaterialInstances/MI_SpecularGlossiness_Blend_DS.uasset" 858
"../../../Engine/Plugins/Interchange/Assets/Content/gltf/MaterialInstances/MI_SpecularGlossiness_Blend_DS.uexp" 859
"../../../Engine/Plugins/Interchange/Assets/Content/gltf/MaterialInstances/MI_SpecularGlossiness_Blend.uasset" 860
"../../../Engine/Plugins/Interchange/Assets/Content/gltf/MaterialInstances/MI_SpecularGlossiness_Blend.uexp" 861
"../../../Engine/Plugins/Interchange/Assets/Content/gltf/MaterialFunctions/MF_Sheen.uasset" 862
"../../../Engine/Plugins/Interchange/Assets/Content/gltf/MaterialFunctions/MF_Sheen.uexp" 863
"../../../Engine/Plugins/Interchange/Assets/Content/gltf/MaterialBodies/MF_Sheen_Body.uasset" 864
"../../../Engine/Plugins/Interchange/Assets/Content/gltf/MaterialBodies/MF_Sheen_Body.uexp" 865
"../../../Engine/Plugins/Interchange/Assets/Content/gltf/M_Sheen.uasset" 866
"../../../Engine/Plugins/Interchange/Assets/Content/gltf/M_Sheen.uexp" 867
"../../../Engine/Plugins/Interchange/Assets/Content/gltf/MaterialInstances/MI_Sheen_Opaque_DS.uasset" 868
"../../../Engine/Plugins/Interchange/Assets/Content/gltf/MaterialInstances/MI_Sheen_Opaque_DS.uexp" 869
"../../../Engine/Plugins/Interchange/Assets/Content/gltf/MaterialInstances/MI_Sheen_Opaque.uasset" 870
"../../../Engine/Plugins/Interchange/Assets/Content/gltf/MaterialInstances/MI_Sheen_Opaque.uexp" 871
"../../../Engine/Plugins/Interchange/Assets/Content/gltf/MaterialInstances/MI_Sheen_Mask_DS.uasset" 872
"../../../Engine/Plugins/Interchange/Assets/Content/gltf/MaterialInstances/MI_Sheen_Mask_DS.uexp" 873
"../../../Engine/Plugins/Interchange/Assets/Content/gltf/MaterialInstances/MI_Sheen_Mask.uasset" 874
"../../../Engine/Plugins/Interchange/Assets/Content/gltf/MaterialInstances/MI_Sheen_Mask.uexp" 875
"../../../Engine/Plugins/Interchange/Assets/Content/gltf/MaterialInstances/MI_Sheen_Blend_DS.uasset" 876
"../../../Engine/Plugins/Interchange/Assets/Content/gltf/MaterialInstances/MI_Sheen_Blend_DS.uexp" 877
"../../../Engine/Plugins/Interchange/Assets/Content/gltf/MaterialInstances/MI_Sheen_Blend.uasset" 878
"../../../Engine/Plugins/Interchange/Assets/Content/gltf/MaterialInstances/MI_Sheen_Blend.uexp" 879
"../../../Engine/Plugins/Interchange/Assets/Content/gltf/MaterialBodies/MF_Default_Body.uasset" 880
"../../../Engine/Plugins/Interchange/Assets/Content/gltf/MaterialBodies/MF_Default_Body.uexp" 881
"../../../Engine/Plugins/Interchange/Assets/Content/gltf/M_Default.uasset" 882
"../../../Engine/Plugins/Interchange/Assets/Content/gltf/M_Default.uexp" 883
"../../../Engine/Plugins/Interchange/Assets/Content/gltf/MaterialInstances/MI_Default_Opaque_DS.uasset" 884
"../../../Engine/Plugins/Interchange/Assets/Content/gltf/MaterialInstances/MI_Default_Opaque_DS.uexp" 885
"../../../Engine/Plugins/Interchange/Assets/Content/gltf/MaterialInstances/MI_Default_Opaque.uasset" 886
"../../../Engine/Plugins/Interchange/Assets/Content/gltf/MaterialInstances/MI_Default_Opaque.uexp" 887
"../../../Engine/Plugins/Interchange/Assets/Content/gltf/MaterialInstances/MI_Default_Mask_DS.uasset" 888
"../../../Engine/Plugins/Interchange/Assets/Content/gltf/MaterialInstances/MI_Default_Mask_DS.uexp" 889
"../../../Engine/Plugins/Interchange/Assets/Content/gltf/MaterialInstances/MI_Default_Mask.uasset" 890
"../../../Engine/Plugins/Interchange/Assets/Content/gltf/MaterialInstances/MI_Default_Mask.uexp" 891
"../../../Engine/Plugins/Interchange/Assets/Content/gltf/MaterialInstances/MI_Default_Blend_DS.uasset" 892
"../../../Engine/Plugins/Interchange/Assets/Content/gltf/MaterialInstances/MI_Default_Blend_DS.uexp" 893
"../../../Engine/Plugins/Interchange/Assets/Content/gltf/MaterialInstances/MI_Default_Blend.uasset" 894
"../../../Engine/Plugins/Interchange/Assets/Content/gltf/MaterialInstances/MI_Default_Blend.uexp" 895
"../../../Engine/Content/Functions/Engine_MaterialFunctions01/Texturing/FlattenNormal.uasset" 896
"../../../Engine/Content/Functions/Engine_MaterialFunctions01/Texturing/FlattenNormal.uexp" 897
"../../../Engine/Plugins/Interchange/Assets/Content/gltf/MaterialFunctions/MF_Clearcoat.uasset" 898
"../../../Engine/Plugins/Interchange/Assets/Content/gltf/MaterialFunctions/MF_Clearcoat.uexp" 899
"../../../Engine/Plugins/Interchange/Assets/Content/gltf/MaterialBodies/MF_ClearCoat_Body.uasset" 900
"../../../Engine/Plugins/Interchange/Assets/Content/gltf/MaterialBodies/MF_ClearCoat_Body.uexp" 901
"../../../Engine/Plugins/Interchange/Assets/Content/gltf/M_ClearCoat.uasset" 902
"../../../Engine/Plugins/Interchange/Assets/Content/gltf/M_ClearCoat.uexp" 903
"../../../Engine/Plugins/Interchange/Assets/Content/gltf/MaterialInstances/MI_ClearCoat_Opaque_DS.uasset" 904
"../../../Engine/Plugins/Interchange/Assets/Content/gltf/MaterialInstances/MI_ClearCoat_Opaque_DS.uexp" 905
"../../../Engine/Plugins/Interchange/Assets/Content/gltf/MaterialInstances/MI_ClearCoat_Opaque.uasset" 906
"../../../Engine/Plugins/Interchange/Assets/Content/gltf/MaterialInstances/MI_ClearCoat_Opaque.uexp" 907
"../../../Engine/Plugins/Interchange/Assets/Content/gltf/MaterialInstances/MI_ClearCoat_Mask_DS.uasset" 908
"../../../Engine/Plugins/Interchange/Assets/Content/gltf/MaterialInstances/MI_ClearCoat_Mask_DS.uexp" 909
"../../../Engine/Plugins/Interchange/Assets/Content/gltf/MaterialInstances/MI_ClearCoat_Mask.uasset" 910
"../../../Engine/Plugins/Interchange/Assets/Content/gltf/MaterialInstances/MI_ClearCoat_Mask.uexp" 911
"../../../Engine/Plugins/Interchange/Assets/Content/gltf/MaterialInstances/MI_ClearCoat_Blend_DS.uasset" 912
"../../../Engine/Plugins/Interchange/Assets/Content/gltf/MaterialInstances/MI_ClearCoat_Blend_DS.uexp" 913
"../../../Engine/Plugins/Interchange/Assets/Content/gltf/MaterialInstances/MI_ClearCoat_Blend.uasset" 914
"../../../Engine/Plugins/Interchange/Assets/Content/gltf/MaterialInstances/MI_ClearCoat_Blend.uexp" 915
"../../../Engine/Content/Functions/Engine_MaterialFunctions01/Shading/PowerToRoughness.uasset" 916
"../../../Engine/Content/Functions/Engine_MaterialFunctions01/Shading/PowerToRoughness.uexp" 917
"../../../Engine/Content/Functions/Engine_MaterialFunctions01/Shading/ConvertFromDiffSpec.uasset" 918
"../../../Engine/Content/Functions/Engine_MaterialFunctions01/Shading/ConvertFromDiffSpec.uexp" 919
"../../../Engine/Content/EngineMaterials/Substrate/Volume/SubstrateSimpleVolumeLUT3D.uasset" 920
"../../../Engine/Content/EngineMaterials/Substrate/Volume/SubstrateSimpleVolumeLUT3D.uexp" 921
"../../../Engine/Content/EngineMaterials/Substrate/Volume/SubstrateSimpleVolumeEnvLUT3D.uasset" 922
"../../../Engine/Content/EngineMaterials/Substrate/Volume/SubstrateSimpleVolumeEnvLUT3D.uexp" 923
"../../../Engine/Content/EngineMaterials/Substrate/GLints2/AGlintTex2dArray2.uasset" 924
"../../../Engine/Content/EngineMaterials/Substrate/GLints2/AGlintTex2dArray2.uexp" 925
"../../../Engine/Content/EngineMaterials/Substrate/GLints/AGlintTex2dArray.uasset" 926
"../../../Engine/Content/EngineMaterials/Substrate/GLints/AGlintTex2dArray.uexp" 927
"../../../Engine/Content/ArtTools/RenderToTexture/Meshes/S_1_Unit_Plane.ubulk" 928
"../../../Engine/Content/ArtTools/RenderToTexture/Meshes/S_1_Unit_Plane.uasset" 929
"../../../Engine/Content/ArtTools/RenderToTexture/Meshes/S_1_Unit_Plane.uexp" 930
"C:/rdSemesterProjects/Dream/Dream/Content/KayKit/Characters/MaterialInstances/MI_BrownDark.uasset" 931
"C:/rdSemesterProjects/Dream/Dream/Content/KayKit/Characters/MaterialInstances/MI_BrownDark.uexp" 932
"C:/rdSemesterProjects/Dream/Dream/Content/KayKit/Characters/MaterialInstances/MI_Black.uasset" 933
"C:/rdSemesterProjects/Dream/Dream/Content/KayKit/Characters/MaterialInstances/MI_Black.uexp" 934
"C:/rdSemesterProjects/Dream/Dream/Content/KayKit/Characters/MaterialInstances/MI_GreenDark.uasset" 935
"C:/rdSemesterProjects/Dream/Dream/Content/KayKit/Characters/MaterialInstances/MI_GreenDark.uexp" 936
"C:/rdSemesterProjects/Dream/Dream/Content/KayKit/Characters/rogue_PhysicsAsset.uasset" 937
"C:/rdSemesterProjects/Dream/Dream/Content/KayKit/Characters/rogue_PhysicsAsset.uexp" 938
"C:/rdSemesterProjects/Dream/Dream/Content/KayKit/Characters/MaterialInstances/MI_Metal.uasset" 939
"C:/rdSemesterProjects/Dream/Dream/Content/KayKit/Characters/MaterialInstances/MI_Metal.uexp" 940
"C:/rdSemesterProjects/Dream/Dream/Content/KayKit/Characters/MaterialInstances/MI_Brown.uasset" 941
"C:/rdSemesterProjects/Dream/Dream/Content/KayKit/Characters/MaterialInstances/MI_Brown.uexp" 942
"C:/rdSemesterProjects/Dream/Dream/Content/KayKit/Characters/MaterialInstances/MI_Skin_PinkLight.uasset" 943
"C:/rdSemesterProjects/Dream/Dream/Content/KayKit/Characters/MaterialInstances/MI_Skin_PinkLight.uexp" 944
"C:/rdSemesterProjects/Dream/Dream/Content/KayKit/Characters/rogue.uasset" 945
"C:/rdSemesterProjects/Dream/Dream/Content/KayKit/Characters/rogue.uexp" 946
"C:/rdSemesterProjects/Dream/Dream/Content/KayKit/Skeletons/skeleton_minion_Skeleton.uasset" 947
"C:/rdSemesterProjects/Dream/Dream/Content/KayKit/Skeletons/skeleton_minion_Skeleton.uexp" 948
"C:/rdSemesterProjects/Dream/Dream/Content/KayKit/Skeletons/MaterialInstances/MI_BrownDark.uasset" 949
"C:/rdSemesterProjects/Dream/Dream/Content/KayKit/Skeletons/MaterialInstances/MI_BrownDark.uexp" 950
"C:/rdSemesterProjects/Dream/Dream/Content/KayKit/Skeletons/MaterialInstances/MI_White.uasset" 951
"C:/rdSemesterProjects/Dream/Dream/Content/KayKit/Skeletons/MaterialInstances/MI_White.uexp" 952
"C:/rdSemesterProjects/Dream/Dream/Content/KayKit/Skeletons/MaterialInstances/MI_Stone.uasset" 953
"C:/rdSemesterProjects/Dream/Dream/Content/KayKit/Skeletons/MaterialInstances/MI_Stone.uexp" 954
"C:/rdSemesterProjects/Dream/Dream/Content/KayKit/Skeletons/MaterialInstances/MI_Metal.uasset" 955
"C:/rdSemesterProjects/Dream/Dream/Content/KayKit/Skeletons/MaterialInstances/MI_Metal.uexp" 956
"C:/rdSemesterProjects/Dream/Dream/Content/KayKit/Skeletons/skeleton_minion_PhysicsAsset.uasset" 957
"C:/rdSemesterProjects/Dream/Dream/Content/KayKit/Skeletons/skeleton_minion_PhysicsAsset.uexp" 958
"C:/rdSemesterProjects/Dream/Dream/Content/KayKit/Skeletons/MaterialInstances/MI_Glow.uasset" 959
"C:/rdSemesterProjects/Dream/Dream/Content/KayKit/Skeletons/MaterialInstances/MI_Glow.uexp" 960
"C:/rdSemesterProjects/Dream/Dream/Content/KayKit/Skeletons/skeleton_minion.uasset" 961
"C:/rdSemesterProjects/Dream/Dream/Content/KayKit/Skeletons/skeleton_minion.uexp" 962
"../../../Engine/Plugins/NNE/NNEDenoiser/Content/NNE_oidn2-3-0_rt_hdr_calb_cnrm_large__dyn__fp16_opset11_ForwardAlpha.uasset" 963
"../../../Engine/Plugins/NNE/NNEDenoiser/Content/NNE_oidn2-3-0_rt_hdr_calb_cnrm_large__dyn__fp16_opset11_ForwardAlpha.uexp" 964
"../../../Engine/Plugins/NNE/NNEDenoiser/Content/NNE_oidn2-3-0_rt_hdr_calb_cnrm_large__dyn__fp16_opset11_DenoiseAlpha.uasset" 965
"../../../Engine/Plugins/NNE/NNEDenoiser/Content/NNE_oidn2-3-0_rt_hdr_calb_cnrm_large__dyn__fp16_opset11_DenoiseAlpha.uexp" 966
"../../../Engine/Plugins/NNE/NNEDenoiser/Content/NNE_oidn2-3-0_rt_hdr_alb_nrm__dyn__fp16_opset11_ForwardAlpha.uasset" 967
"../../../Engine/Plugins/NNE/NNEDenoiser/Content/NNE_oidn2-3-0_rt_hdr_alb_nrm__dyn__fp16_opset11_ForwardAlpha.uexp" 968
"../../../Engine/Plugins/NNE/NNEDenoiser/Content/NNE_oidn2-3-0_rt_hdr_alb_nrm__dyn__fp16_opset11_DenoiseAlpha.uasset" 969
"../../../Engine/Plugins/NNE/NNEDenoiser/Content/NNE_oidn2-3-0_rt_hdr_alb_nrm__dyn__fp16_opset11_DenoiseAlpha.uexp" 970
"../../../Engine/Plugins/NNE/NNEDenoiser/Content/NNE_oidn2-3-0_rt_hdr_alb_nrm_small__dyn__fp16_opset11_ForwardAlpha.uasset" 971
"../../../Engine/Plugins/NNE/NNEDenoiser/Content/NNE_oidn2-3-0_rt_hdr_alb_nrm_small__dyn__fp16_opset11_ForwardAlpha.uexp" 972
"../../../Engine/Plugins/NNE/NNEDenoiser/Content/NNE_oidn2-3-0_rt_hdr_alb_nrm_small__dyn__fp16_opset11_DenoiseAlpha.uasset" 973
"../../../Engine/Plugins/NNE/NNEDenoiser/Content/NNE_oidn2-3-0_rt_hdr_alb_nrm_small__dyn__fp16_opset11_DenoiseAlpha.uexp" 974
"../../../Engine/Plugins/NNE/NNEDenoiser/Content/NNED_Oidn2-3_HighQuality_Alpha.uasset" 975
"../../../Engine/Plugins/NNE/NNEDenoiser/Content/NNED_Oidn2-3_HighQuality_Alpha.uexp" 976
"../../../Engine/Plugins/NNE/NNEDenoiser/Content/NNED_Oidn2-3_HighQuality.uasset" 977
"../../../Engine/Plugins/NNE/NNEDenoiser/Content/NNED_Oidn2-3_HighQuality.uexp" 978
"../../../Engine/Plugins/NNE/NNEDenoiser/Content/NNED_Oidn2-3_Fast_Alpha.uasset" 979
"../../../Engine/Plugins/NNE/NNEDenoiser/Content/NNED_Oidn2-3_Fast_Alpha.uexp" 980
"../../../Engine/Plugins/NNE/NNEDenoiser/Content/NNED_Oidn2-3_Fast.uasset" 981
"../../../Engine/Plugins/NNE/NNEDenoiser/Content/NNED_Oidn2-3_Fast.uexp" 982
"../../../Engine/Plugins/NNE/NNEDenoiser/Content/NNED_Oidn2-3_Balanced_Alpha.uasset" 983
"../../../Engine/Plugins/NNE/NNEDenoiser/Content/NNED_Oidn2-3_Balanced_Alpha.uexp" 984
"../../../Engine/Plugins/NNE/NNEDenoiser/Content/NNED_Oidn2-3_Balanced.uasset" 985
"../../../Engine/Plugins/NNE/NNEDenoiser/Content/NNED_Oidn2-3_Balanced.uexp" 986
"../../../Engine/Plugins/NNE/NNEDenoiser/Content/NNEDT_Oidn2-3_Balanced_Alpha.uasset" 987
"../../../Engine/Plugins/NNE/NNEDenoiser/Content/NNEDT_Oidn2-3_Balanced_Alpha.uexp" 988
"../../../Engine/Plugins/NNE/NNEDenoiser/Content/NNEDT_Oidn2-3_Balanced.uasset" 989
"../../../Engine/Plugins/NNE/NNEDenoiser/Content/NNEDT_Oidn2-3_Balanced.uexp" 990
"../../../Engine/Plugins/Animation/DeformerGraph/Content/Deformers/DG_LinearBlendSkin_Morph_Cloth_RecomputeNormals.uasset" 991
"../../../Engine/Plugins/Animation/DeformerGraph/Content/Deformers/DG_LinearBlendSkin_Morph_Cloth_RecomputeNormals.uexp" 992
"../../../Engine/Plugins/Animation/DeformerGraph/Content/Deformers/DG_LinearBlendSkin_Morph_Cloth.uasset" 993
"../../../Engine/Plugins/Animation/DeformerGraph/Content/Deformers/DG_LinearBlendSkin_Morph_Cloth.uexp" 994
"../../../Engine/Plugins/Animation/DeformerGraph/Content/DeformerFunctions/DG_Function_LinearBlendSkin_Morph_Cloth_PositionOnly.uasset" 995
"../../../Engine/Plugins/Animation/DeformerGraph/Content/DeformerFunctions/DG_Function_LinearBlendSkin_Morph_Cloth_PositionOnly.uexp" 996
"../../../Engine/Plugins/Animation/DeformerGraph/Content/DeformerFunctions/DG_Function_LinearBlendSkin_Morph_Cloth.uasset" 997
"../../../Engine/Plugins/Animation/DeformerGraph/Content/DeformerFunctions/DG_Function_LinearBlendSkin_Morph_Cloth.uexp" 998
"../../../Engine/Plugins/Animation/DeformerGraph/Content/DeformerFunctions/DG_Function_ComputeNormalsTangents.uasset" 999
"../../../Engine/Plugins/Animation/DeformerGraph/Content/DeformerFunctions/DG_Function_ComputeNormalsTangents.uexp" 1000
"../../../Engine/Content/VREditor/TransformGizmo/StartRotationHandleIndicator.ubulk" 1001
"../../../Engine/Content/VREditor/TransformGizmo/StartRotationHandleIndicator.uasset" 1002
"../../../Engine/Content/VREditor/TransformGizmo/StartRotationHandleIndicator.uexp" 1003
"../../../Engine/Content/VREditor/Sounds/UI/Drop_Item_From_ContentBrowser.ubulk" 1004
"../../../Engine/Content/VREditor/Sounds/UI/Drop_Item_From_ContentBrowser.uasset" 1005
"../../../Engine/Content/VREditor/Sounds/UI/Drop_Item_From_ContentBrowser.uexp" 1006
"../../../Engine/Content/VREditor/TransformGizmo/PlaneTranslationHandle.ubulk" 1007
"../../../Engine/Content/VREditor/TransformGizmo/PlaneTranslationHandle.uasset" 1008
"../../../Engine/Content/VREditor/TransformGizmo/PlaneTranslationHandle.uexp" 1009
"../../../Engine/Content/VREditor/Sounds/UI/Object_Snaps_To_Grid.ubulk" 1010
"../../../Engine/Content/VREditor/Sounds/UI/Object_Snaps_To_Grid.uasset" 1011
"../../../Engine/Content/VREditor/Sounds/UI/Object_Snaps_To_Grid.uexp" 1012
"../../../Engine/Content/VREditor/Sounds/UI/Selection_Changes.ubulk" 1013
"../../../Engine/Content/VREditor/Sounds/UI/Selection_Changes.uasset" 1014
"../../../Engine/Content/VREditor/Sounds/UI/Selection_Changes.uexp" 1015
"../../../Engine/Content/VREditor/Sounds/UI/Object_Snaps_To_Another_Actor.ubulk" 1016
"../../../Engine/Content/VREditor/Sounds/UI/Object_Snaps_To_Another_Actor.uasset" 1017
"../../../Engine/Content/VREditor/Sounds/UI/Object_Snaps_To_Another_Actor.uexp" 1018
"../../../Engine/Content/VREditor/TransformGizmo/TranslucentTransformGizmoMaterial_Inst.uasset" 1019
"../../../Engine/Content/VREditor/TransformGizmo/TranslucentTransformGizmoMaterial_Inst.uexp" 1020
"../../../Engine/Content/VREditor/TransformGizmo/TransformGizmoFreeRotation.ubulk" 1021
"../../../Engine/Content/VREditor/TransformGizmo/TransformGizmoFreeRotation.uasset" 1022
"../../../Engine/Content/VREditor/TransformGizmo/TransformGizmoFreeRotation.uexp" 1023
"../../../Engine/Content/VREditor/Sounds/UI/Scaling_Down.ubulk" 1024
"../../../Engine/Content/VREditor/Sounds/UI/Scaling_Down.uasset" 1025
"../../../Engine/Content/VREditor/Sounds/UI/Scaling_Down.uexp" 1026
"../../../Engine/Content/Functions/Engine_MaterialFunctions02/SplitComponents.uasset" 1027
"../../../Engine/Content/Functions/Engine_MaterialFunctions02/SplitComponents.uexp" 1028
"../../../Engine/Content/VREditor/SnapGrid/SnapGridMaterial.uasset" 1029
"../../../Engine/Content/VREditor/SnapGrid/SnapGridMaterial.uexp" 1030
"../../../Engine/Content/VREditor/SnapGrid/SnapGridPlaneMesh.ubulk" 1031
"../../../Engine/Content/VREditor/SnapGrid/SnapGridPlaneMesh.uasset" 1032
"../../../Engine/Content/VREditor/SnapGrid/SnapGridPlaneMesh.uexp" 1033
"../../../Engine/Content/VREditor/Sounds/UI/Scaling_Up.ubulk" 1034
"../../../Engine/Content/VREditor/Sounds/UI/Scaling_Up.uasset" 1035
"../../../Engine/Content/VREditor/Sounds/UI/Scaling_Up.uexp" 1036
"../../../Engine/Content/VREditor/TransformGizmo/TransformGizmoMaterial_Inst.uasset" 1037
"../../../Engine/Content/VREditor/TransformGizmo/TransformGizmoMaterial_Inst.uexp" 1038
"../../../Engine/Content/VREditor/Sounds/UI/Gizmo_Handle_Clicked.ubulk" 1039
"../../../Engine/Content/VREditor/Sounds/UI/Gizmo_Handle_Clicked.uasset" 1040
"../../../Engine/Content/VREditor/Sounds/UI/Gizmo_Handle_Clicked.uexp" 1041
"../../../Engine/Content/VREditor/TransformGizmo/RotationHandleQuarter.ubulk" 1042
"../../../Engine/Content/VREditor/TransformGizmo/RotationHandleQuarter.uasset" 1043
"../../../Engine/Content/VREditor/TransformGizmo/RotationHandleQuarter.uexp" 1044
"../../../Engine/Content/VREditor/TransformGizmo/TranslateArrowHandle.ubulk" 1045
"../../../Engine/Content/VREditor/TransformGizmo/TranslateArrowHandle.uasset" 1046
"../../../Engine/Content/VREditor/TransformGizmo/TranslateArrowHandle.uexp" 1047
"../../../Engine/Content/VREditor/TransformGizmo/RotationHandleIndicator.ubulk" 1048
"../../../Engine/Content/VREditor/TransformGizmo/RotationHandleIndicator.uasset" 1049
"../../../Engine/Content/VREditor/TransformGizmo/RotationHandleIndicator.uexp" 1050
"../../../Engine/Content/VREditor/TransformGizmo/UniformScaleHandle.ubulk" 1051
"../../../Engine/Content/VREditor/TransformGizmo/UniformScaleHandle.uasset" 1052
"../../../Engine/Content/VREditor/TransformGizmo/UniformScaleHandle.uexp" 1053
"../../../Engine/Content/VREditor/TransformGizmo/RotationHandleFull.ubulk" 1054
"../../../Engine/Content/VREditor/TransformGizmo/RotationHandleFull.uasset" 1055
"../../../Engine/Content/VREditor/TransformGizmo/RotationHandleFull.uexp" 1056
"../../../Engine/Content/VREditor/Sounds/UI/Object_PickUp.ubulk" 1057
"../../../Engine/Content/VREditor/Sounds/UI/Object_PickUp.uasset" 1058
"../../../Engine/Content/VREditor/Sounds/UI/Object_PickUp.uexp" 1059
"../../../Engine/Content/EngineResources/LandscapeVisibilityLayerInfo.uasset" 1060
"../../../Engine/Content/EngineResources/LandscapeVisibilityLayerInfo.uexp" 1061
"../../../Engine/Content/Maps/Entry_BuiltData.uasset" 1062
"../../../Engine/Content/Maps/Entry_BuiltData.uexp" 1063
"../../../Engine/Content/Maps/Entry.uexp" 1064
"../../../Engine/Content/Maps/Entry.umap" 1065
"../../../Engine/Content/EngineMaterials/BlendFunc_DefBlend.uasset" 1066
"../../../Engine/Content/EngineMaterials/BlendFunc_DefBlend.uexp" 1067
"../../../Engine/Content/OpenWorldTemplate/LandscapeMaterial/T_GridChecker_A.ubulk" 1068
"../../../Engine/Content/OpenWorldTemplate/LandscapeMaterial/T_GridChecker_A.uasset" 1069
"../../../Engine/Content/OpenWorldTemplate/LandscapeMaterial/T_GridChecker_A.uexp" 1070
"../../../Engine/Content/EngineMaterials/BlendFunc_DefBase.uasset" 1071
"../../../Engine/Content/EngineMaterials/BlendFunc_DefBase.uexp" 1072
"../../../Engine/Content/Functions/Engine_MaterialFunctions03/Blends/Blend_Overlay.uasset" 1073
"../../../Engine/Content/Functions/Engine_MaterialFunctions03/Blends/Blend_Overlay.uexp" 1074
"../../../Engine/Content/Functions/Engine_MaterialFunctions01/Gradient/LinearGradient.uasset" 1075
"../../../Engine/Content/Functions/Engine_MaterialFunctions01/Gradient/LinearGradient.uexp" 1076
"../../../Engine/Content/Functions/Engine_MaterialFunctions01/ImageAdjustment/CheapContrast.uasset" 1077
"../../../Engine/Content/Functions/Engine_MaterialFunctions01/ImageAdjustment/CheapContrast.uexp" 1078
"../../../Engine/Content/OpenWorldTemplate/LandscapeMaterial/MF_ProcGrid.uasset" 1079
"../../../Engine/Content/OpenWorldTemplate/LandscapeMaterial/MF_ProcGrid.uexp" 1080
"../../../Engine/Content/OpenWorldTemplate/LandscapeMaterial/M_ProcGrid.uasset" 1081
"../../../Engine/Content/OpenWorldTemplate/LandscapeMaterial/M_ProcGrid.uexp" 1082
"../../../Engine/Content/OpenWorldTemplate/LandscapeMaterial/MI_ProcGrid.uasset" 1083
"../../../Engine/Content/OpenWorldTemplate/LandscapeMaterial/MI_ProcGrid.uexp" 1084
"C:/rdSemesterProjects/Dream/Dream/Content/Blueprints/WB_CreateSession.uasset" 1085
"C:/rdSemesterProjects/Dream/Dream/Content/Blueprints/WB_CreateSession.uexp" 1086
"C:/rdSemesterProjects/Dream/Dream/Content/Blueprints/WB_SessionItemRenderer.uasset" 1087
"C:/rdSemesterProjects/Dream/Dream/Content/Blueprints/WB_SessionItemRenderer.uexp" 1088
"C:/rdSemesterProjects/Dream/Dream/Content/Blueprints/WB_FindSessions.uasset" 1089
"C:/rdSemesterProjects/Dream/Dream/Content/Blueprints/WB_FindSessions.uexp" 1090
"C:/rdSemesterProjects/Dream/Dream/Content/Blueprints/WB_MainMenu.uasset" 1091
"C:/rdSemesterProjects/Dream/Dream/Content/Blueprints/WB_MainMenu.uexp" 1092
"C:/rdSemesterProjects/Dream/Dream/Content/Blueprints/BP_MainMenuPawn.uasset" 1093
"C:/rdSemesterProjects/Dream/Dream/Content/Blueprints/BP_MainMenuPawn.uexp" 1094
"C:/rdSemesterProjects/Dream/Dream/Content/Blueprints/BP_MainMenuGameMode.uasset" 1095
"C:/rdSemesterProjects/Dream/Dream/Content/Blueprints/BP_MainMenuGameMode.uexp" 1096
"../../../Engine/Content/EngineSky/T_Sky_Stars.ubulk" 1097
"../../../Engine/Content/EngineSky/T_Sky_Stars.uasset" 1098
"../../../Engine/Content/EngineSky/T_Sky_Stars.uexp" 1099
"../../../Engine/Content/EngineSky/T_Sky_Clouds_M.ubulk" 1100
"../../../Engine/Content/EngineSky/T_Sky_Clouds_M.uasset" 1101
"../../../Engine/Content/EngineSky/T_Sky_Clouds_M.uexp" 1102
"../../../Engine/Content/EngineSky/T_Sky_Blue.ubulk" 1103
"../../../Engine/Content/EngineSky/T_Sky_Blue.uasset" 1104
"../../../Engine/Content/EngineSky/T_Sky_Blue.uexp" 1105
"../../../Engine/Content/EngineSky/M_Sky_Panning_Clouds2.uasset" 1106
"../../../Engine/Content/EngineSky/M_Sky_Panning_Clouds2.uexp" 1107
"../../../Engine/Content/EngineSky/SM_SkySphere.ubulk" 1108
"../../../Engine/Content/EngineSky/SM_SkySphere.uasset" 1109
"../../../Engine/Content/EngineSky/SM_SkySphere.uexp" 1110
"../../../Engine/Content/MapTemplates/SM_Template_Map_Floor.ubulk" 1111
"../../../Engine/Content/MapTemplates/SM_Template_Map_Floor.uasset" 1112
"../../../Engine/Content/MapTemplates/SM_Template_Map_Floor.uexp" 1113
"../../../Engine/Content/EngineSky/M_SimpleSkyDome.uasset" 1114
"../../../Engine/Content/EngineSky/M_SimpleSkyDome.uexp" 1115
"C:/rdSemesterProjects/Dream/Dream/Content/Maps/Level_MainMenu.uexp" 1116
"C:/rdSemesterProjects/Dream/Dream/Content/Maps/Level_MainMenu.umap" 1117
"C:/rdSemesterProjects/Dream/Dream/Content/KayKit/Skeletons/skeleton_warrior_Skeleton.uasset" 1118
"C:/rdSemesterProjects/Dream/Dream/Content/KayKit/Skeletons/skeleton_warrior_Skeleton.uexp" 1119
"C:/rdSemesterProjects/Dream/Dream/Content/KayKit/Skeletons/skeleton_warrior_PhysicsAsset.uasset" 1120
"C:/rdSemesterProjects/Dream/Dream/Content/KayKit/Skeletons/skeleton_warrior_PhysicsAsset.uexp" 1121
"C:/rdSemesterProjects/Dream/Dream/Content/KayKit/Skeletons/MaterialInstances/MI_Stone2.uasset" 1122
"C:/rdSemesterProjects/Dream/Dream/Content/KayKit/Skeletons/MaterialInstances/MI_Stone2.uexp" 1123
"C:/rdSemesterProjects/Dream/Dream/Content/KayKit/Skeletons/skeleton_warrior.uasset" 1124
"C:/rdSemesterProjects/Dream/Dream/Content/KayKit/Skeletons/skeleton_warrior.uexp" 1125
"C:/rdSemesterProjects/Dream/Dream/Content/KayKit/DungeonElements/MaterialInstances/MI_Gold.uasset" 1126
"C:/rdSemesterProjects/Dream/Dream/Content/KayKit/DungeonElements/MaterialInstances/MI_Gold.uexp" 1127
"C:/rdSemesterProjects/Dream/Dream/Content/KayKit/DungeonElements/coin.ubulk" 1128
"C:/rdSemesterProjects/Dream/Dream/Content/KayKit/DungeonElements/coin.uasset" 1129
"C:/rdSemesterProjects/Dream/Dream/Content/KayKit/DungeonElements/coin.uexp" 1130
"C:/rdSemesterProjects/Dream/Dream/Content/Blueprints/BP_GoldCoinPickup.uasset" 1131
"C:/rdSemesterProjects/Dream/Dream/Content/Blueprints/BP_GoldCoinPickup.uexp" 1132
"C:/rdSemesterProjects/Dream/Dream/Content/Blueprints/BP_MinionMiniboss.uasset" 1133
"C:/rdSemesterProjects/Dream/Dream/Content/Blueprints/BP_MinionMiniboss.uexp" 1134
"C:/rdSemesterProjects/Dream/Dream/Content/KayKit/DungeonElements/MaterialInstances/MI_Metal.uasset" 1135
"C:/rdSemesterProjects/Dream/Dream/Content/KayKit/DungeonElements/MaterialInstances/MI_Metal.uexp" 1136
"C:/rdSemesterProjects/Dream/Dream/Content/KayKit/DungeonElements/MaterialInstances/MI_BrownDark.uasset" 1137
"C:/rdSemesterProjects/Dream/Dream/Content/KayKit/DungeonElements/MaterialInstances/MI_BrownDark.uexp" 1138
"C:/rdSemesterProjects/Dream/Dream/Content/KayKit/DungeonElements/door.ubulk" 1139
"C:/rdSemesterProjects/Dream/Dream/Content/KayKit/DungeonElements/door.uasset" 1140
"C:/rdSemesterProjects/Dream/Dream/Content/KayKit/DungeonElements/door.uexp" 1141
"C:/rdSemesterProjects/Dream/Dream/Content/Blueprints/BP_WoodenDoor.uasset" 1142
"C:/rdSemesterProjects/Dream/Dream/Content/Blueprints/BP_WoodenDoor.uexp" 1143
"C:/rdSemesterProjects/Dream/Dream/Content/KayKit/DungeonElements/MaterialInstances/MI_White.uasset" 1144
"C:/rdSemesterProjects/Dream/Dream/Content/KayKit/DungeonElements/MaterialInstances/MI_White.uexp" 1145
"C:/rdSemesterProjects/Dream/Dream/Content/KayKit/DungeonElements/MaterialInstances/MI_Red.uasset" 1146
"C:/rdSemesterProjects/Dream/Dream/Content/KayKit/DungeonElements/MaterialInstances/MI_Red.uexp" 1147
"C:/rdSemesterProjects/Dream/Dream/Content/KayKit/DungeonElements/spellBook.ubulk" 1148
"C:/rdSemesterProjects/Dream/Dream/Content/KayKit/DungeonElements/spellBook.uasset" 1149
"C:/rdSemesterProjects/Dream/Dream/Content/KayKit/DungeonElements/spellBook.uexp" 1150
"C:/rdSemesterProjects/Dream/Dream/Content/Blueprints/BP_SpellBook.uasset" 1151
"C:/rdSemesterProjects/Dream/Dream/Content/Blueprints/BP_SpellBook.uexp" 1152
"C:/rdSemesterProjects/Dream/Dream/Content/KayKit/SkeletonElements/MaterialInstances/MI_Metal.uasset" 1153
"C:/rdSemesterProjects/Dream/Dream/Content/KayKit/SkeletonElements/MaterialInstances/MI_Metal.uexp" 1154
"C:/rdSemesterProjects/Dream/Dream/Content/Blueprints/BP_SilverCoinPickup.uasset" 1155
"C:/rdSemesterProjects/Dream/Dream/Content/Blueprints/BP_SilverCoinPickup.uexp" 1156
"C:/rdSemesterProjects/Dream/Dream/Content/KayKit/DungeonElements/wallDecorationA.ubulk" 1157
"C:/rdSemesterProjects/Dream/Dream/Content/KayKit/DungeonElements/wallDecorationA.uasset" 1158
"C:/rdSemesterProjects/Dream/Dream/Content/KayKit/DungeonElements/wallDecorationA.uexp" 1159
"C:/rdSemesterProjects/Dream/Dream/Content/KayKit/DungeonElements/wall.ubulk" 1160
"C:/rdSemesterProjects/Dream/Dream/Content/KayKit/DungeonElements/wall.uasset" 1161
"C:/rdSemesterProjects/Dream/Dream/Content/KayKit/DungeonElements/wall.uexp" 1162
"C:/rdSemesterProjects/Dream/Dream/Content/Maps/PackedLelActors/BPP_PLA_CorridorWall.uasset" 1163
"C:/rdSemesterProjects/Dream/Dream/Content/Maps/PackedLelActors/BPP_PLA_CorridorWall.uexp" 1164
"C:/rdSemesterProjects/Dream/Dream/Content/KayKit/DungeonElements/wallCorner.ubulk" 1165
"C:/rdSemesterProjects/Dream/Dream/Content/KayKit/DungeonElements/wallCorner.uasset" 1166
"C:/rdSemesterProjects/Dream/Dream/Content/KayKit/DungeonElements/wallCorner.uexp" 1167
"C:/rdSemesterProjects/Dream/Dream/Content/Maps/PackedLelActors/BPP_PLA_Crypt_01.uasset" 1168
"C:/rdSemesterProjects/Dream/Dream/Content/Maps/PackedLelActors/BPP_PLA_Crypt_01.uexp" 1169
"C:/rdSemesterProjects/Dream/Dream/Content/KayKit/DungeonElements/wall_door.ubulk" 1170
"C:/rdSemesterProjects/Dream/Dream/Content/KayKit/DungeonElements/wall_door.uasset" 1171
"C:/rdSemesterProjects/Dream/Dream/Content/KayKit/DungeonElements/wall_door.uexp" 1172
"C:/rdSemesterProjects/Dream/Dream/Content/KayKit/DungeonElements/MaterialInstances/MI_Black.uasset" 1173
"C:/rdSemesterProjects/Dream/Dream/Content/KayKit/DungeonElements/MaterialInstances/MI_Black.uexp" 1174
"C:/rdSemesterProjects/Dream/Dream/Content/KayKit/DungeonElements/wall_windowGate.ubulk" 1175
"C:/rdSemesterProjects/Dream/Dream/Content/KayKit/DungeonElements/wall_windowGate.uasset" 1176
"C:/rdSemesterProjects/Dream/Dream/Content/KayKit/DungeonElements/wall_windowGate.uexp" 1177
"C:/rdSemesterProjects/Dream/Dream/Content/KayKit/DungeonElements/wallSplit.ubulk" 1178
"C:/rdSemesterProjects/Dream/Dream/Content/KayKit/DungeonElements/wallSplit.uasset" 1179
"C:/rdSemesterProjects/Dream/Dream/Content/KayKit/DungeonElements/wallSplit.uexp" 1180
"C:/rdSemesterProjects/Dream/Dream/Content/KayKit/DungeonElements/wall_end_broken.ubulk" 1181
"C:/rdSemesterProjects/Dream/Dream/Content/KayKit/DungeonElements/wall_end_broken.uasset" 1182
"C:/rdSemesterProjects/Dream/Dream/Content/KayKit/DungeonElements/wall_end_broken.uexp" 1183
"C:/rdSemesterProjects/Dream/Dream/Content/Maps/PackedLelActors/BPP_PLA_SideRoom_Square_02.uasset" 1184
"C:/rdSemesterProjects/Dream/Dream/Content/Maps/PackedLelActors/BPP_PLA_SideRoom_Square_02.uexp" 1185
"C:/rdSemesterProjects/Dream/Dream/Content/KayKit/M_Base_Emissive.uasset" 1186
"C:/rdSemesterProjects/Dream/Dream/Content/KayKit/M_Base_Emissive.uexp" 1187
"C:/rdSemesterProjects/Dream/Dream/Content/Blueprints/BP_MinionSentinel.uasset" 1188
"C:/rdSemesterProjects/Dream/Dream/Content/Blueprints/BP_MinionSentinel.uexp" 1189
"C:/rdSemesterProjects/Dream/Dream/Content/KayKit/DungeonElements/MaterialInstances/MI_Mud.uasset" 1190
"C:/rdSemesterProjects/Dream/Dream/Content/KayKit/DungeonElements/MaterialInstances/MI_Mud.uexp" 1191
"C:/rdSemesterProjects/Dream/Dream/Content/KayKit/DungeonElements/tileBrickB_largeCrackedC.ubulk" 1192
"C:/rdSemesterProjects/Dream/Dream/Content/KayKit/DungeonElements/tileBrickB_largeCrackedC.uasset" 1193
"C:/rdSemesterProjects/Dream/Dream/Content/KayKit/DungeonElements/tileBrickB_largeCrackedC.uexp" 1194
"C:/rdSemesterProjects/Dream/Dream/Content/KayKit/DungeonElements/tileBrickB_largeA.ubulk" 1195
"C:/rdSemesterProjects/Dream/Dream/Content/KayKit/DungeonElements/tileBrickB_largeA.uasset" 1196
"C:/rdSemesterProjects/Dream/Dream/Content/KayKit/DungeonElements/tileBrickB_largeA.uexp" 1197
"C:/rdSemesterProjects/Dream/Dream/Content/KayKit/DungeonElements/tileBrickB_largeB.ubulk" 1198
"C:/rdSemesterProjects/Dream/Dream/Content/KayKit/DungeonElements/tileBrickB_largeB.uasset" 1199
"C:/rdSemesterProjects/Dream/Dream/Content/KayKit/DungeonElements/tileBrickB_largeB.uexp" 1200
"C:/rdSemesterProjects/Dream/Dream/Content/KayKit/DungeonElements/tileBrickB_largeCrackedA.ubulk" 1201
"C:/rdSemesterProjects/Dream/Dream/Content/KayKit/DungeonElements/tileBrickB_largeCrackedA.uasset" 1202
"C:/rdSemesterProjects/Dream/Dream/Content/KayKit/DungeonElements/tileBrickB_largeCrackedA.uexp" 1203
"C:/rdSemesterProjects/Dream/Dream/Content/KayKit/DungeonElements/tileBrickB_largeC.ubulk" 1204
"C:/rdSemesterProjects/Dream/Dream/Content/KayKit/DungeonElements/tileBrickB_largeC.uasset" 1205
"C:/rdSemesterProjects/Dream/Dream/Content/KayKit/DungeonElements/tileBrickB_largeC.uexp" 1206
"C:/rdSemesterProjects/Dream/Dream/Content/KayKit/DungeonElements/tileBrickB_largeCrackedB.ubulk" 1207
"C:/rdSemesterProjects/Dream/Dream/Content/KayKit/DungeonElements/tileBrickB_largeCrackedB.uasset" 1208
"C:/rdSemesterProjects/Dream/Dream/Content/KayKit/DungeonElements/tileBrickB_largeCrackedB.uexp" 1209
"C:/rdSemesterProjects/Dream/Dream/Content/Maps/PackedLelActors/BPP_PLA_Floor.uasset" 1210
"C:/rdSemesterProjects/Dream/Dream/Content/Maps/PackedLelActors/BPP_PLA_Floor.uexp" 1211
"C:/rdSemesterProjects/Dream/Dream/Content/KayKit/Characters/knight_Skeleton.uasset" 1212
"C:/rdSemesterProjects/Dream/Dream/Content/KayKit/Characters/knight_Skeleton.uexp" 1213
"C:/rdSemesterProjects/Dream/Dream/Content/KayKit/Characters/KnightAnimations/knight_Idle.uasset" 1214
"C:/rdSemesterProjects/Dream/Dream/Content/KayKit/Characters/KnightAnimations/knight_Idle.uexp" 1215
"C:/rdSemesterProjects/Dream/Dream/Content/Animations/AM_Knight_Idle.uasset" 1216
"C:/rdSemesterProjects/Dream/Dream/Content/Animations/AM_Knight_Idle.uexp" 1217
"C:/rdSemesterProjects/Dream/Dream/Content/KayKit/Characters/MaterialInstances/MI_White.uasset" 1218
"C:/rdSemesterProjects/Dream/Dream/Content/KayKit/Characters/MaterialInstances/MI_White.uexp" 1219
"C:/rdSemesterProjects/Dream/Dream/Content/KayKit/Characters/MaterialInstances/MI_Beige.uasset" 1220
"C:/rdSemesterProjects/Dream/Dream/Content/KayKit/Characters/MaterialInstances/MI_Beige.uexp" 1221
"C:/rdSemesterProjects/Dream/Dream/Content/KayKit/Characters/MaterialInstances/MI_Stone.uasset" 1222
"C:/rdSemesterProjects/Dream/Dream/Content/KayKit/Characters/MaterialInstances/MI_Stone.uexp" 1223
"C:/rdSemesterProjects/Dream/Dream/Content/KayKit/Characters/knight_PhysicsAsset.uasset" 1224
"C:/rdSemesterProjects/Dream/Dream/Content/KayKit/Characters/knight_PhysicsAsset.uexp" 1225
"C:/rdSemesterProjects/Dream/Dream/Content/KayKit/Characters/MaterialInstances/MI_Stone2.uasset" 1226
"C:/rdSemesterProjects/Dream/Dream/Content/KayKit/Characters/MaterialInstances/MI_Stone2.uexp" 1227
"C:/rdSemesterProjects/Dream/Dream/Content/KayKit/Characters/knight.uasset" 1228
"C:/rdSemesterProjects/Dream/Dream/Content/KayKit/Characters/knight.uexp" 1229
"C:/rdSemesterProjects/Dream/Dream/Content/KayKit/Characters/KnightAnimations/knight_Cheer.uasset" 1230
"C:/rdSemesterProjects/Dream/Dream/Content/KayKit/Characters/KnightAnimations/knight_Cheer.uexp" 1231
"C:/rdSemesterProjects/Dream/Dream/Content/Animations/AM_Knight_Cheer.uasset" 1232
"C:/rdSemesterProjects/Dream/Dream/Content/Animations/AM_Knight_Cheer.uexp" 1233
"C:/rdSemesterProjects/Dream/Dream/Content/Blueprints/BP_KnightPrisoner.uasset" 1234
"C:/rdSemesterProjects/Dream/Dream/Content/Blueprints/BP_KnightPrisoner.uexp" 1235
"C:/rdSemesterProjects/Dream/Dream/Content/KayKit/DungeonElements/wallDecorationB.ubulk" 1236
"C:/rdSemesterProjects/Dream/Dream/Content/KayKit/DungeonElements/wallDecorationB.uasset" 1237
"C:/rdSemesterProjects/Dream/Dream/Content/KayKit/DungeonElements/wallDecorationB.uexp" 1238
"C:/rdSemesterProjects/Dream/Dream/Content/KayKit/DungeonElements/wall_gateDoor.ubulk" 1239
"C:/rdSemesterProjects/Dream/Dream/Content/KayKit/DungeonElements/wall_gateDoor.uasset" 1240
"C:/rdSemesterProjects/Dream/Dream/Content/KayKit/DungeonElements/wall_gateDoor.uexp" 1241
"C:/rdSemesterProjects/Dream/Dream/Content/KayKit/DungeonElements/wall_end.ubulk" 1242
"C:/rdSemesterProjects/Dream/Dream/Content/KayKit/DungeonElements/wall_end.uasset" 1243
"C:/rdSemesterProjects/Dream/Dream/Content/KayKit/DungeonElements/wall_end.uexp" 1244
"C:/rdSemesterProjects/Dream/Dream/Content/Maps/PackedLelActors/BPP_PLA_SideRoom_Long_02.uasset" 1245
"C:/rdSemesterProjects/Dream/Dream/Content/Maps/PackedLelActors/BPP_PLA_SideRoom_Long_02.uexp" 1246
"C:/rdSemesterProjects/Dream/Dream/Content/Maps/PackedLelActors/BPP_PLA_SideRoom_Square_01.uasset" 1247
"C:/rdSemesterProjects/Dream/Dream/Content/Maps/PackedLelActors/BPP_PLA_SideRoom_Square_01.uexp" 1248
"C:/rdSemesterProjects/Dream/Dream/Content/Maps/Level_01.uexp" 1249
"C:/rdSemesterProjects/Dream/Dream/Content/Maps/Level_01.umap" 1250
"../../../Engine/Content/BasicShapes/Plane.ubulk" 1251
"../../../Engine/Content/BasicShapes/Plane.uasset" 1252
"../../../Engine/Content/BasicShapes/Plane.uexp" 1253
"../../../Engine/Content/Tutorial/SubEditors/TutorialAssets/Character/TutorialTPP_Skeleton.uasset" 1254
"../../../Engine/Content/Tutorial/SubEditors/TutorialAssets/Character/TutorialTPP_Skeleton.uexp" 1255
"../../../Engine/Content/Tutorial/SubEditors/TutorialAssets/Character/TutorialTPP_Mat.uasset" 1256
"../../../Engine/Content/Tutorial/SubEditors/TutorialAssets/Character/TutorialTPP_Mat.uexp" 1257
"../../../Engine/Content/Tutorial/SubEditors/TutorialAssets/Character/TutorialTPP_PhysicsAsset.uasset" 1258
"../../../Engine/Content/Tutorial/SubEditors/TutorialAssets/Character/TutorialTPP_PhysicsAsset.uexp" 1259
"../../../Engine/Content/Tutorial/SubEditors/TutorialAssets/Character/TutorialTPP.uasset" 1260
"../../../Engine/Content/Tutorial/SubEditors/TutorialAssets/Character/TutorialTPP.uexp" 1261
"C:/rdSemesterProjects/Dream/Dream/Content/MainCharacter/Inputs/IMC_MainCharacter.uasset" 1262
"C:/rdSemesterProjects/Dream/Dream/Content/MainCharacter/Inputs/IMC_MainCharacter.uexp" 1263
"C:/rdSemesterProjects/Dream/Dream/Content/Core/GameMode/MainGameMode.uasset" 1264
"C:/rdSemesterProjects/Dream/Dream/Content/Core/GameMode/MainGameMode.uexp" 1265
"../../../Engine/Content/BasicShapes/BasicShapeMaterial.uasset" 1266
"../../../Engine/Content/BasicShapes/BasicShapeMaterial.uexp" 1267
"../../../Engine/Content/BasicShapes/Cube.ubulk" 1268
"../../../Engine/Content/BasicShapes/Cube.uasset" 1269
"../../../Engine/Content/BasicShapes/Cube.uexp" 1270
"C:/rdSemesterProjects/Dream/Dream/Content/Actors/Meshes/MeshMaterial.uasset" 1271
"C:/rdSemesterProjects/Dream/Dream/Content/Actors/Meshes/MeshMaterial.uexp" 1272
"C:/rdSemesterProjects/Dream/Dream/Content/Actors/Meshes/BP_CubeMesh.uasset" 1273
"C:/rdSemesterProjects/Dream/Dream/Content/Actors/Meshes/BP_CubeMesh.uexp" 1274
"../../../Engine/Content/BasicShapes/Sphere.ubulk" 1275
"../../../Engine/Content/BasicShapes/Sphere.uasset" 1276
"../../../Engine/Content/BasicShapes/Sphere.uexp" 1277
"C:/rdSemesterProjects/Dream/Dream/Content/Actors/Meshes/BP_SphereMesh.uasset" 1278
"C:/rdSemesterProjects/Dream/Dream/Content/Actors/Meshes/BP_SphereMesh.uexp" 1279
"../../../Engine/Content/BasicShapes/Cylinder.ubulk" 1280
"../../../Engine/Content/BasicShapes/Cylinder.uasset" 1281
"../../../Engine/Content/BasicShapes/Cylinder.uexp" 1282
"C:/rdSemesterProjects/Dream/Dream/Content/Actors/Meshes/BP_CylinderMesh.uasset" 1283
"C:/rdSemesterProjects/Dream/Dream/Content/Actors/Meshes/BP_CylinderMesh.uexp" 1284
"C:/rdSemesterProjects/Dream/Dream/Content/Core/Maps/MainMap.uexp" 1285
"C:/rdSemesterProjects/Dream/Dream/Content/Core/Maps/MainMap.umap" 1286
